,Datetime,AEP_MW
0,2023-02-10 07:44:06,16.50
1,2023-02-10 07:44:18,16.60
2,2023-02-10 07:44:31,16.60
3,2023-02-10 07:44:43,16.60
4,2023-02-10 07:44:56,16.70
5,2023-02-10 07:45:09,16.60
6,2023-02-10 07:45:21,16.60
7,2023-02-10 07:45:34,16.60
8,2023-02-10 07:45:46,16.60
9,2023-02-10 07:45:59,16.60
10,2023-02-10 07:46:12,16.50
11,2023-02-10 07:46:24,16.60
12,2023-02-10 07:46:37,16.70
13,2023-02-10 07:46:49,16.60
14,2023-02-10 07:47:02,16.70
15,2023-02-10 07:47:15,16.70
16,2023-02-10 07:47:27,16.80
17,2023-02-10 07:47:40,16.80
18,2023-02-10 07:47:52,16.90
19,2023-02-10 07:48:05,16.80
20,2023-02-10 07:48:17,16.80
21,2023-02-10 07:48:30,16.90
22,2023-02-10 07:48:43,16.70
23,2023-02-10 07:48:55,16.70
24,2023-02-10 07:49:08,16.80
25,2023-02-10 07:49:26,16.80
26,2023-02-10 07:49:38,16.70
27,2023-02-10 07:49:51,16.80
28,2023-02-10 07:50:03,16.80
29,2023-02-10 07:50:16,16.80
30,2023-02-10 07:50:28,16.70
31,2023-02-10 07:50:41,16.80
32,2023-02-10 07:50:54,16.80
33,2023-02-10 07:51:06,16.80
34,2023-02-10 07:51:19,16.90
35,2023-02-10 07:51:31,17.00
36,2023-02-10 07:51:44,17.00
37,2023-02-10 07:51:57,16.90
38,2023-02-10 07:52:09,17.00
39,2023-02-10 07:52:22,17.00
40,2023-02-10 07:52:35,16.90
41,2023-02-10 07:52:47,16.60
42,2023-02-10 07:53:00,16.70
43,2023-02-10 07:53:12,16.70
44,2023-02-10 07:53:25,16.70
45,2023-02-10 07:53:38,16.70
46,2023-02-10 07:53:50,16.80
47,2023-02-10 07:54:03,16.80
48,2023-02-10 07:54:15,16.80
49,2023-02-10 07:54:28,16.80
50,2023-02-10 07:54:40,16.80
51,2023-02-10 07:54:53,16.80
52,2023-02-10 07:55:06,16.80
53,2023-02-10 07:55:18,16.90
54,2023-02-10 07:55:31,16.90
55,2023-02-10 07:55:43,16.90
56,2023-02-10 07:55:56,16.80
57,2023-02-10 07:56:09,16.70
58,2023-02-10 07:56:26,16.80
59,2023-02-10 07:56:38,16.80
60,2023-02-10 07:56:51,16.80
61,2023-02-10 07:57:03,16.80
62,2023-02-10 07:57:16,16.80
63,2023-02-10 07:57:29,16.80
64,2023-02-10 07:57:41,16.90
65,2023-02-10 07:57:54,16.80
66,2023-02-10 07:58:10,16.90
67,2023-02-10 07:58:23,16.90
68,2023-02-10 07:58:40,16.80
69,2023-02-10 07:58:53,16.80
70,2023-02-10 07:59:06,16.80
71,2023-02-10 07:59:28,16.80
72,2023-02-10 07:59:40,16.80
73,2023-02-10 07:59:53,16.90
74,2023-02-10 08:00:05,16.80
75,2023-02-10 08:00:18,16.90
76,2023-02-10 08:00:31,16.90
77,2023-02-10 08:00:43,16.90
78,2023-02-10 08:00:56,16.90
79,2023-02-10 08:01:08,16.80
80,2023-02-10 08:01:21,16.90
81,2023-02-10 08:01:34,16.90
82,2023-02-10 08:01:46,16.90
83,2023-02-10 08:01:59,16.90
84,2023-02-10 08:02:11,16.90
85,2023-02-10 08:02:24,17.00
86,2023-02-10 08:18:38,16.00
87,2023-02-10 08:18:50,16.00
88,2023-02-10 08:19:03,16.10
89,2023-02-10 08:19:16,16.00
90,2023-02-10 08:19:28,16.00
91,2023-02-10 08:19:41,16.00
92,2023-02-10 08:19:54,16.00
93,2023-02-10 08:20:06,16.00
94,2023-02-10 08:20:19,16.00
95,2023-02-10 08:20:31,16.00
96,2023-02-10 08:20:44,16.00
97,2023-02-10 08:21:02,16.00
98,2023-02-10 08:21:14,16.10
99,2023-02-10 08:21:27,16.10
100,2023-02-10 08:21:39,16.00
101,2023-02-10 08:21:52,16.00
102,2023-02-10 08:22:05,16.00
103,2023-02-10 08:22:17,16.00
104,2023-02-10 08:22:30,16.00
105,2023-02-10 08:22:42,16.00
106,2023-02-10 08:22:55,16.00
107,2023-02-10 08:23:08,16.00
108,2023-02-10 08:23:20,16.10
109,2023-02-10 08:23:33,16.10
110,2023-02-10 08:23:45,16.00
111,2023-02-10 08:23:58,16.10
112,2023-02-10 08:24:11,16.00
113,2023-02-10 08:24:23,16.10
114,2023-02-10 08:24:36,16.00
115,2023-02-10 08:24:58,15.90
116,2023-02-10 08:25:11,15.90
117,2023-02-10 08:25:23,16.00
118,2023-02-10 08:25:36,16.00
119,2023-02-10 08:25:48,16.00
120,2023-02-10 08:26:01,15.90
121,2023-02-10 08:26:14,15.90
122,2023-02-10 08:26:26,15.90
123,2023-02-10 08:26:39,15.90
124,2023-02-10 08:26:51,15.90
125,2023-02-10 08:27:04,15.90
126,2023-02-10 08:27:17,15.90
127,2023-02-10 08:27:29,15.90
128,2023-02-10 08:27:42,15.90
129,2023-02-10 08:27:54,15.80
130,2023-02-10 08:28:07,15.90
131,2023-02-10 08:28:20,15.90
132,2023-02-10 08:28:32,16.00
133,2023-02-10 08:28:45,15.90
134,2023-02-10 08:28:57,15.90
135,2023-02-10 08:29:10,15.90
136,2023-02-10 08:29:23,15.90
137,2023-02-10 08:29:35,15.90
138,2023-02-10 08:29:48,15.90
139,2023-02-10 08:30:00,15.90
140,2023-02-10 08:30:13,16.00
141,2023-02-10 08:30:26,15.90
142,2023-02-10 08:30:38,16.00
143,2023-02-10 08:30:51,15.90
144,2023-02-10 08:31:03,15.90
145,2023-02-10 08:31:16,15.90
146,2023-02-10 08:31:29,15.90
147,2023-02-10 08:31:41,15.90
148,2023-02-10 08:31:54,16.00
149,2023-02-10 08:32:06,15.90
150,2023-02-10 08:32:19,15.90
151,2023-02-10 08:32:32,15.90
152,2023-02-10 08:32:44,15.90
153,2023-02-10 08:32:57,16.30
154,2023-02-10 08:33:09,16.30
155,2023-02-10 08:33:22,16.20
156,2023-02-10 08:33:35,16.20
157,2023-02-10 08:33:47,16.20
158,2023-02-10 08:34:00,16.20
159,2023-02-10 08:34:12,16.20
160,2023-02-10 08:34:25,16.30
161,2023-02-10 08:34:38,16.30
162,2023-02-10 08:34:50,16.30
163,2023-02-10 08:35:03,16.20
164,2023-02-10 08:35:20,16.20
165,2023-02-10 08:35:33,16.20
166,2023-02-10 08:35:46,16.30
167,2023-02-10 08:35:58,16.20
168,2023-02-10 08:36:11,16.20
169,2023-02-10 08:36:23,16.20
170,2023-02-10 08:36:36,16.20
171,2023-02-10 08:36:49,16.20
172,2023-02-10 08:37:01,16.30
173,2023-02-10 08:37:14,16.20
174,2023-02-10 08:37:26,16.20
175,2023-02-10 08:37:39,16.20
176,2023-02-10 08:37:52,16.20
177,2023-02-10 08:38:13,16.20
178,2023-02-10 08:38:25,16.20
179,2023-02-10 08:38:38,16.20
180,2023-02-10 08:38:51,16.10
181,2023-02-10 08:39:03,16.20
182,2023-02-10 08:39:16,16.20
183,2023-02-10 08:39:29,16.20
184,2023-02-10 08:39:41,16.20
185,2023-02-10 08:39:54,16.20
186,2023-02-10 08:40:06,16.20
187,2023-02-10 08:40:19,16.10
188,2023-02-10 08:40:31,16.10
189,2023-02-10 08:40:44,16.20
190,2023-02-10 08:40:57,16.20
191,2023-02-10 08:41:09,16.10
192,2023-02-10 08:41:22,16.20
193,2023-02-10 08:41:34,16.20
194,2023-02-10 08:41:47,16.20
195,2023-02-10 08:42:00,16.10
196,2023-02-10 08:42:12,16.10
197,2023-02-10 08:42:25,16.00
198,2023-02-10 08:42:38,16.00
199,2023-02-10 08:42:50,16.10
200,2023-02-10 08:43:03,16.10
201,2023-02-10 08:43:15,16.20
202,2023-02-10 08:43:28,16.20
203,2023-02-10 08:43:41,16.10
204,2023-02-10 08:43:53,16.10
205,2023-02-10 08:44:06,16.20
206,2023-02-10 08:44:18,16.10
207,2023-02-10 08:44:31,16.10
208,2023-02-10 08:44:43,16.10
209,2023-02-10 08:44:56,16.20
210,2023-02-10 08:45:09,16.20
211,2023-02-10 08:45:21,16.20
212,2023-02-10 08:45:34,16.20
213,2023-02-10 08:45:46,16.20
214,2023-02-10 08:45:59,16.10
215,2023-02-10 08:46:12,16.10
216,2023-02-10 08:46:24,16.20
217,2023-02-10 08:46:37,16.20
218,2023-02-10 08:46:49,16.10
219,2023-02-10 08:47:02,16.20
220,2023-02-10 08:47:15,16.10
221,2023-02-10 08:47:27,16.10
222,2023-02-10 08:47:40,16.10
223,2023-02-10 08:47:52,16.20
224,2023-02-10 08:48:05,16.20
225,2023-02-10 11:36:50,15.90
226,2023-02-10 11:37:03,15.90
227,2023-02-10 11:37:16,15.90
228,2023-02-10 11:37:28,15.90
229,2023-02-10 11:37:41,15.80
230,2023-02-10 11:37:54,15.90
231,2023-02-10 11:38:06,15.90
232,2023-02-10 11:38:19,15.80
233,2023-02-10 11:38:31,15.90
234,2023-02-10 11:38:44,15.90
235,2023-02-10 11:38:56,15.90
236,2023-02-10 11:39:09,15.90
237,2023-02-10 11:39:22,15.90
238,2023-02-10 11:39:34,15.90
239,2023-02-10 11:39:47,15.90
240,2023-02-10 11:39:59,15.90
241,2023-02-10 11:40:12,15.90
242,2023-02-10 11:40:25,15.90
243,2023-02-10 11:40:37,15.90
244,2023-02-10 11:40:50,16.00
245,2023-02-10 11:41:02,15.90
246,2023-02-10 11:41:15,15.90
247,2023-02-10 11:41:28,16.00
248,2023-02-10 11:41:40,16.00
249,2023-02-10 11:41:53,15.90
250,2023-02-10 11:42:05,15.90
251,2023-02-10 11:42:18,16.00
252,2023-02-10 11:42:31,16.00
253,2023-02-10 11:42:43,15.90
254,2023-02-10 11:42:56,16.00
255,2023-02-10 11:43:08,15.90
256,2023-02-10 11:43:21,15.90
257,2023-02-10 11:43:39,15.90
258,2023-02-10 11:43:51,16.00
259,2023-02-10 11:44:04,16.00
260,2023-02-10 11:44:16,16.00
261,2023-02-10 11:44:29,16.00
262,2023-02-10 11:44:42,15.90
263,2023-02-10 11:44:54,15.90
264,2023-02-10 11:45:07,15.90
265,2023-02-10 11:45:19,15.90
266,2023-02-10 11:45:32,15.90
267,2023-02-10 11:45:45,16.00
268,2023-02-10 11:45:57,15.90
269,2023-02-10 11:46:10,15.90
270,2023-02-10 11:46:22,15.90
271,2023-02-10 11:46:35,16.10
272,2023-02-10 11:46:48,16.00
273,2023-02-10 11:47:00,16.00
274,2023-02-10 11:47:13,16.00
275,2023-02-10 11:47:25,16.10
276,2023-02-10 11:47:38,16.00
277,2023-02-10 11:47:51,16.00
278,2023-02-10 11:48:03,16.00
279,2023-02-10 11:48:16,15.90
280,2023-02-10 11:48:28,15.90
281,2023-02-10 11:48:41,15.90
282,2023-02-10 11:48:54,16.00
283,2023-02-10 11:49:06,16.00
284,2023-02-10 11:49:24,16.00
285,2023-02-10 11:49:36,15.90
286,2023-02-10 11:49:54,16.00
287,2023-02-10 11:50:07,16.00
288,2023-02-10 11:50:19,15.90
289,2023-02-10 11:50:32,16.00
290,2023-02-10 11:50:44,16.00
291,2023-02-10 11:50:57,16.00
292,2023-02-10 11:51:10,16.00
293,2023-02-10 11:51:22,16.00
294,2023-02-10 11:51:35,16.00
295,2023-02-10 11:51:47,15.90
296,2023-02-10 11:52:00,15.90
297,2023-02-10 11:52:13,15.90
298,2023-02-10 11:52:25,15.90
299,2023-02-10 11:52:38,15.90
300,2023-02-10 11:52:50,15.90
301,2023-02-10 11:53:03,15.90
302,2023-02-10 11:53:16,15.80
303,2023-02-10 11:53:28,15.80
304,2023-02-10 11:53:41,15.90
305,2023-02-11 10:44:11,4.70
306,2023-02-11 10:44:24,4.80
307,2023-02-11 10:44:37,4.70
308,2023-02-11 10:44:49,4.80
309,2023-02-11 10:45:12,16.30
310,2023-02-11 10:45:40,4.70
311,2023-02-11 10:45:53,5.00
312,2023-02-11 10:46:05,4.90
313,2023-02-11 10:46:18,5.00
314,2023-02-11 10:46:31,5.00
315,2023-02-11 10:46:43,5.00
316,2023-02-11 10:46:56,5.00
317,2023-02-11 10:47:08,5.00
318,2023-02-11 10:47:21,5.00
319,2023-02-11 10:47:34,5.00
320,2023-02-11 10:47:46,5.00
321,2023-02-11 10:47:59,5.00
322,2023-02-11 10:48:11,5.00
323,2023-02-11 10:48:24,5.00
324,2023-02-11 10:48:36,5.00
325,2023-02-11 10:48:49,5.00
326,2023-02-11 10:49:02,5.00
327,2023-02-11 10:49:14,4.90
328,2023-02-11 10:49:27,4.90
329,2023-02-11 10:49:39,5.00
330,2023-02-11 10:49:52,5.00
331,2023-02-11 10:50:05,5.00
332,2023-02-11 10:50:17,5.00
333,2023-02-11 10:50:30,5.00
334,2023-02-11 10:50:42,5.00
335,2023-02-11 10:50:55,5.00
336,2023-02-11 10:51:08,5.00
337,2023-02-11 10:51:20,5.00
338,2023-02-11 10:51:33,5.00
339,2023-02-11 10:51:45,5.00
340,2023-02-11 10:51:58,5.00
341,2023-02-11 10:52:11,5.00
342,2023-02-11 10:52:23,5.00
343,2023-02-11 10:52:36,5.00
344,2023-02-11 10:52:48,5.00
345,2023-02-11 10:53:01,5.00
346,2023-02-11 10:53:14,5.00
347,2023-02-11 10:53:26,5.00
348,2023-02-11 10:53:39,5.00
349,2023-02-11 10:53:51,5.00
350,2023-02-11 10:54:04,4.90
351,2023-02-11 10:54:17,4.90
352,2023-02-11 10:54:29,5.00
353,2023-02-11 10:54:42,5.00
354,2023-02-11 10:54:54,5.00
355,2023-02-11 10:55:07,5.00
356,2023-02-11 10:55:20,5.00
357,2023-02-11 10:55:32,4.90
358,2023-02-11 10:55:45,5.00
359,2023-02-11 10:56:02,5.00
360,2023-02-11 10:56:15,5.00
361,2023-02-11 10:56:28,5.00
362,2023-02-11 10:56:40,5.00
363,2023-02-11 10:56:53,5.00
364,2023-02-11 10:57:05,4.90
365,2023-02-11 10:57:18,5.00
366,2023-02-11 10:57:31,5.00
367,2023-02-11 10:57:43,5.00
368,2023-02-11 10:57:56,5.00
369,2023-02-11 10:58:08,5.00
370,2023-02-11 10:58:21,5.00
371,2023-02-11 10:58:34,5.00
372,2023-02-11 10:58:46,5.00
373,2023-02-11 10:58:59,5.00
374,2023-02-11 10:59:11,5.00
375,2023-02-11 10:59:24,4.90
376,2023-02-11 10:59:37,5.00
377,2023-02-11 10:59:49,5.00
378,2023-02-11 11:00:02,5.00
379,2023-02-11 11:00:15,5.00
380,2023-02-11 11:00:27,5.00
381,2023-02-11 11:00:40,5.00
382,2023-02-11 11:00:52,5.00
383,2023-02-11 11:01:05,5.10
384,2023-02-11 11:01:18,5.00
385,2023-02-11 11:01:30,5.00
386,2023-02-11 11:01:43,5.00
387,2023-02-11 11:01:55,5.00
388,2023-02-11 11:02:08,5.00
389,2023-02-11 11:02:20,5.00
390,2023-02-11 11:02:33,5.00
391,2023-02-11 11:02:46,5.00
392,2023-02-11 11:02:58,5.00
393,2023-02-11 11:03:15,5.10
394,2023-02-11 11:03:28,5.00
395,2023-02-11 11:03:40,5.00
396,2023-02-11 11:03:53,5.00
397,2023-02-11 11:04:06,5.00
398,2023-02-11 11:04:18,5.00
399,2023-02-11 11:04:31,5.00
400,2023-02-11 11:04:43,5.00
401,2023-02-11 11:04:56,5.00
402,2023-02-11 11:05:09,5.00
403,2023-02-11 11:05:21,5.00
404,2023-02-11 11:05:34,5.00
405,2023-02-11 11:05:46,5.00
406,2023-02-11 11:05:59,5.10
407,2023-02-11 11:06:12,5.00
408,2023-02-11 11:06:29,5.00
409,2023-02-11 11:06:42,5.00
410,2023-02-11 11:06:54,5.00
411,2023-02-11 11:07:07,5.10
412,2023-02-11 11:07:20,5.00
413,2023-02-11 11:07:32,5.00
414,2023-02-11 11:07:45,5.00
415,2023-02-11 11:07:57,5.00
416,2023-02-11 11:08:13,5.00
417,2023-02-11 11:08:26,5.00
418,2023-02-11 11:08:39,5.00
419,2023-02-11 11:08:51,5.00
420,2023-02-11 11:09:04,5.00
421,2023-02-11 11:09:16,5.00
422,2023-02-11 11:09:29,5.00
423,2023-02-11 11:09:42,5.00
424,2023-02-11 11:09:54,5.00
425,2023-02-11 11:10:07,5.00
426,2023-02-11 11:10:19,5.00
427,2023-02-11 11:10:32,5.00
428,2023-02-11 11:10:45,5.00
429,2023-02-11 11:10:57,5.00
430,2023-02-11 11:11:10,5.00
431,2023-02-11 11:11:22,5.00
432,2023-02-11 11:11:35,5.00
433,2023-02-11 11:11:48,5.00
434,2023-02-11 11:12:00,5.00
435,2023-02-11 11:12:18,5.00
436,2023-02-11 11:12:31,5.00
437,2023-02-11 11:12:43,5.00
438,2023-02-11 11:12:56,5.00
439,2023-02-11 11:13:08,5.00
440,2023-02-11 11:13:21,5.00
441,2023-02-11 11:13:34,5.00
442,2023-02-11 11:13:46,5.00
443,2023-02-11 11:13:59,5.00
444,2023-02-11 11:14:11,5.00
445,2023-02-11 11:14:24,5.00
446,2023-02-11 11:14:37,5.00
447,2023-02-11 11:14:49,5.00
448,2023-02-11 11:15:02,5.00
449,2023-02-11 11:15:14,5.00
450,2023-02-11 11:15:27,5.00
451,2023-02-11 11:15:40,5.00
452,2023-02-11 11:15:52,5.00
453,2023-02-11 11:16:10,5.00
454,2023-02-11 11:16:22,5.00
455,2023-02-11 11:16:35,5.00
456,2023-02-11 11:16:48,5.00
457,2023-02-11 11:17:00,5.00
458,2023-02-11 11:17:13,5.10
459,2023-02-11 11:17:25,5.00
460,2023-02-11 11:17:38,5.00
461,2023-02-11 11:17:51,5.00
462,2023-02-11 11:18:03,5.00
463,2023-02-11 11:18:16,5.00
464,2023-02-11 11:18:28,5.00
465,2023-02-11 11:18:41,5.00
466,2023-02-11 11:18:54,5.00
467,2023-02-11 11:19:06,5.00
468,2023-02-11 11:19:19,5.10
469,2023-02-11 11:19:31,5.10
470,2023-02-11 11:19:44,5.00
471,2023-02-11 11:20:02,5.00
472,2023-02-11 11:20:14,5.00
473,2023-02-11 11:20:27,5.00
474,2023-02-11 11:20:39,5.00
475,2023-02-11 11:20:52,5.00
476,2023-02-11 11:21:05,5.00
477,2023-02-11 11:21:17,5.00
478,2023-02-11 11:21:30,5.10
479,2023-02-11 11:21:42,5.00
480,2023-02-11 11:21:55,5.00
481,2023-02-11 11:22:08,5.10
482,2023-02-11 11:22:20,5.00
483,2023-02-11 11:22:33,5.00
484,2023-02-11 11:22:45,5.00
485,2023-02-11 11:22:58,5.00
486,2023-02-11 11:23:11,5.00
487,2023-02-11 11:23:23,5.00
488,2023-02-11 11:23:36,5.00
489,2023-02-11 11:23:48,5.00
490,2023-02-11 11:24:01,5.10
491,2023-02-11 11:24:14,5.00
492,2023-02-11 11:24:26,5.00
493,2023-02-11 11:24:39,5.00
494,2023-02-11 11:24:51,5.00
495,2023-02-11 11:25:04,5.00
496,2023-02-11 11:25:17,5.00
497,2023-02-11 11:25:29,5.00
498,2023-02-11 11:25:42,5.00
499,2023-02-11 11:25:59,5.00
500,2023-02-11 11:26:11,5.00
501,2023-02-11 11:26:24,5.00
502,2023-02-11 11:26:37,5.00
503,2023-02-11 11:26:49,5.10
504,2023-02-11 11:27:02,5.00
505,2023-02-11 11:27:14,5.00
506,2023-02-11 11:27:27,5.00
507,2023-02-11 11:27:40,5.00
508,2023-02-11 11:27:52,5.00
509,2023-02-11 11:28:05,5.00
510,2023-02-11 11:28:17,5.00
511,2023-02-11 11:28:30,5.00
512,2023-02-11 11:28:43,5.00
513,2023-02-11 11:28:55,5.00
514,2023-02-11 11:29:08,5.00
515,2023-02-11 11:29:20,5.00
516,2023-02-11 11:29:33,5.00
517,2023-02-11 11:29:55,5.00
518,2023-02-11 11:30:07,5.00
519,2023-02-11 11:30:20,5.00
520,2023-02-11 11:30:33,5.00
521,2023-02-11 11:30:45,5.10
522,2023-02-11 11:30:58,5.00
523,2023-02-11 11:31:10,5.00
524,2023-02-11 11:31:23,5.00
525,2023-02-11 11:31:36,5.00
526,2023-02-11 11:31:48,5.00
527,2023-02-11 11:32:01,5.00
528,2023-02-11 11:32:13,5.00
529,2023-02-11 11:32:26,5.00
530,2023-02-11 11:32:39,5.00
531,2023-02-11 11:32:51,5.00
532,2023-02-11 11:33:04,5.00
533,2023-02-11 11:33:16,5.00
534,2023-02-11 11:33:29,5.10
535,2023-02-11 11:33:42,5.00
536,2023-02-11 11:33:54,5.00
537,2023-02-11 11:34:07,5.00
538,2023-02-11 11:34:20,5.00
539,2023-02-11 11:34:32,5.10
540,2023-02-11 11:34:45,5.00
541,2023-02-11 11:34:57,5.00
542,2023-02-11 11:35:10,5.00
543,2023-02-11 11:35:22,5.00
544,2023-02-11 11:35:35,5.00
545,2023-02-11 11:35:48,5.00
546,2023-02-11 11:36:00,5.00
547,2023-02-11 11:36:13,5.00
548,2023-02-11 11:36:25,5.00
549,2023-02-11 11:36:38,5.00
550,2023-02-11 11:36:51,5.00
551,2023-02-11 11:37:03,5.00
552,2023-02-11 11:37:16,5.00
553,2023-02-11 11:37:29,5.00
554,2023-02-11 11:37:41,5.00
555,2023-02-11 11:37:54,5.00
556,2023-02-11 11:38:06,5.00
557,2023-02-11 11:38:19,5.10
558,2023-02-11 11:38:32,5.00
559,2023-02-11 11:38:44,5.00
560,2023-02-11 11:38:57,4.90
561,2023-02-11 11:39:09,5.00
562,2023-02-11 11:39:22,5.00
563,2023-02-11 11:39:35,5.00
564,2023-02-11 11:39:47,5.00
565,2023-02-11 11:40:00,5.00
566,2023-02-11 11:40:12,5.00
567,2023-02-11 11:40:25,5.00
568,2023-02-11 11:40:38,5.00
569,2023-02-11 11:40:50,5.00
570,2023-02-11 11:41:03,5.00
571,2023-02-11 11:41:15,5.00
572,2023-02-11 11:41:28,5.00
573,2023-02-11 11:41:41,5.00
574,2023-02-11 11:41:53,5.00
575,2023-02-11 11:42:06,5.00
576,2023-02-11 11:42:18,5.00
577,2023-02-11 11:42:31,5.00
578,2023-02-11 11:42:44,5.00
579,2023-02-11 11:42:56,5.00
580,2023-02-11 11:43:09,5.10
581,2023-02-11 11:43:25,5.00
582,2023-02-11 11:43:37,5.00
583,2023-02-11 11:43:50,5.00
584,2023-02-11 11:44:03,5.00
585,2023-02-11 11:44:15,5.00
586,2023-02-11 11:44:28,5.00
587,2023-02-11 11:44:40,5.00
588,2023-02-11 11:44:53,5.00
589,2023-02-11 11:45:06,5.00
590,2023-02-11 11:45:18,5.00
591,2023-02-11 11:45:31,5.00
592,2023-02-11 11:45:43,5.00
593,2023-02-11 11:45:56,5.00
594,2023-02-11 11:46:09,5.00
595,2023-02-11 11:46:21,5.00
596,2023-02-11 11:46:34,5.00
597,2023-02-11 11:46:46,5.00
598,2023-02-11 11:46:59,5.00
599,2023-02-11 11:47:12,5.00
600,2023-02-11 11:47:24,5.00
601,2023-02-11 11:47:37,5.00
602,2023-02-11 11:47:49,5.00
603,2023-02-11 11:48:02,5.00
604,2023-02-11 11:48:15,5.10
605,2023-02-11 11:48:27,5.00
606,2023-02-11 11:48:40,5.00
607,2023-02-11 11:48:52,5.00
608,2023-02-11 11:49:05,5.00
609,2023-02-11 11:49:18,5.10
610,2023-02-11 11:49:30,5.00
611,2023-02-11 11:49:43,5.10
612,2023-02-11 11:49:55,5.00
613,2023-02-11 11:50:08,5.00
614,2023-02-11 11:50:21,5.00
615,2023-02-11 11:50:33,5.00
616,2023-02-11 11:50:46,5.00
617,2023-02-11 11:50:59,5.00
618,2023-02-11 11:51:11,5.00
619,2023-02-11 11:51:24,5.10
620,2023-02-11 11:51:36,5.00
621,2023-02-11 11:51:49,5.00
622,2023-02-11 11:52:01,5.00
623,2023-02-11 11:52:14,5.00
624,2023-02-11 11:52:27,5.00
625,2023-02-11 11:52:39,5.10
626,2023-02-11 11:52:52,5.00
627,2023-02-11 11:53:04,5.00
628,2023-02-11 11:53:17,5.00
629,2023-02-11 11:53:30,5.00
630,2023-02-11 11:53:42,5.00
631,2023-02-11 11:53:55,5.00
632,2023-02-11 11:54:08,5.00
633,2023-02-11 11:54:20,5.00
634,2023-02-11 11:54:33,5.00
635,2023-02-11 11:54:45,5.00
636,2023-02-11 11:54:58,5.00
637,2023-02-11 11:55:11,5.10
638,2023-02-11 11:55:23,5.00
639,2023-02-11 11:55:36,5.00
640,2023-02-11 11:55:48,5.00
641,2023-02-11 11:56:01,5.00
642,2023-02-11 11:56:14,5.00
643,2023-02-11 11:56:26,5.00
644,2023-02-11 11:56:39,5.00
645,2023-02-11 11:56:51,5.00
646,2023-02-11 11:57:04,5.00
647,2023-02-11 11:57:16,5.00
648,2023-02-11 11:57:29,5.00
649,2023-02-11 11:57:42,5.00
650,2023-02-11 11:57:54,5.00
651,2023-02-11 11:58:07,5.00
652,2023-02-11 11:58:20,5.00
653,2023-02-11 11:58:32,5.00
654,2023-02-11 11:58:45,5.00
655,2023-02-11 11:58:57,5.00
656,2023-02-11 11:59:10,5.00
657,2023-02-11 11:59:22,5.00
658,2023-02-11 11:59:35,5.00
659,2023-02-11 11:59:48,5.00
660,2023-02-11 12:00:00,5.00
661,2023-02-11 12:00:13,5.00
662,2023-02-11 12:00:26,5.10
663,2023-02-11 12:00:38,5.10
664,2023-02-11 12:00:51,5.10
665,2023-02-11 12:01:03,5.00
666,2023-02-11 12:01:16,5.10
667,2023-02-11 12:01:29,5.00
668,2023-02-11 12:01:41,5.00
669,2023-02-11 12:01:54,5.00
670,2023-02-11 12:02:06,5.00
671,2023-02-11 12:02:19,5.00
672,2023-02-11 12:02:32,5.00
673,2023-02-11 12:02:44,5.00
674,2023-02-11 12:02:57,5.00
675,2023-02-11 12:03:09,5.00
676,2023-02-11 12:03:22,5.00
677,2023-02-11 12:03:35,5.00
678,2023-02-11 12:03:47,5.00
679,2023-02-11 12:04:00,5.00
680,2023-02-11 12:04:12,5.00
681,2023-02-11 12:04:25,5.00
682,2023-02-11 12:04:38,5.00
683,2023-02-11 12:04:50,5.00
684,2023-02-11 12:05:03,5.00
685,2023-02-11 12:05:15,5.00
686,2023-02-11 12:05:28,5.00
687,2023-02-11 12:05:41,5.00
688,2023-02-11 12:05:53,5.10
689,2023-02-11 12:06:06,5.00
690,2023-02-11 12:06:18,5.00
691,2023-02-11 12:06:31,5.10
692,2023-02-11 12:06:44,5.00
693,2023-02-11 12:06:56,5.00
694,2023-02-11 12:07:09,5.00
695,2023-02-11 12:07:21,5.00
696,2023-02-11 12:07:34,5.00
697,2023-02-11 12:07:47,5.00
698,2023-02-11 12:07:59,5.00
699,2023-02-11 12:08:12,5.10
700,2023-02-11 12:08:24,5.00
701,2023-02-11 12:08:37,5.00
702,2023-02-11 12:08:50,5.00
703,2023-02-11 12:09:02,5.00
704,2023-02-11 12:09:20,5.00
705,2023-02-11 12:09:33,5.00
706,2023-02-11 12:09:46,5.00
707,2023-02-11 12:09:58,5.00
708,2023-02-11 12:10:11,5.10
709,2023-02-11 12:10:23,5.00
710,2023-02-11 12:10:36,5.00
711,2023-02-11 12:10:49,5.00
712,2023-02-11 12:11:01,5.00
713,2023-02-11 12:11:14,5.00
714,2023-02-11 12:11:26,5.00
715,2023-02-11 12:11:39,5.00
716,2023-02-11 12:11:52,5.00
717,2023-02-11 12:12:04,5.00
718,2023-02-11 12:12:17,5.00
719,2023-02-11 12:12:29,5.00
720,2023-02-11 12:12:42,5.00
721,2023-02-11 12:12:55,5.00
722,2023-02-11 12:13:07,5.00
723,2023-02-11 12:13:20,5.00
724,2023-02-11 12:13:32,5.00
725,2023-02-11 12:13:45,5.00
726,2023-02-11 12:13:58,5.00
727,2023-02-11 12:14:10,5.00
728,2023-02-11 12:14:23,5.00
729,2023-02-11 12:14:35,5.00
730,2023-02-11 12:14:48,5.00
731,2023-02-11 12:15:01,5.00
732,2023-02-11 12:15:13,5.00
733,2023-02-11 12:15:26,5.00
734,2023-02-11 12:15:38,5.00
735,2023-02-11 12:15:51,5.00
736,2023-02-11 12:16:04,5.00
737,2023-02-11 12:16:16,5.00
738,2023-02-11 12:16:29,5.00
739,2023-02-11 12:16:42,5.00
740,2023-02-11 12:16:54,5.00
741,2023-02-11 12:17:07,5.00
742,2023-02-11 12:17:19,5.00
743,2023-02-11 12:17:32,5.00
744,2023-02-11 12:17:45,5.00
745,2023-02-11 12:17:57,5.00
746,2023-02-11 12:18:10,5.00
747,2023-02-11 12:18:22,5.00
748,2023-02-11 12:18:35,5.00
749,2023-02-11 12:18:48,5.00
750,2023-02-11 12:19:00,5.00
751,2023-02-11 12:19:13,5.00
752,2023-02-11 12:19:25,5.00
753,2023-02-11 12:19:38,5.00
754,2023-02-11 12:19:51,5.00
755,2023-02-11 12:20:03,5.00
756,2023-02-11 12:20:16,5.00
757,2023-02-11 12:20:28,5.00
758,2023-02-11 12:20:41,5.00
759,2023-02-11 12:20:54,5.00
760,2023-02-11 12:21:06,5.00
761,2023-02-11 12:21:19,5.00
762,2023-02-11 12:21:31,5.00
763,2023-02-11 12:21:44,5.00
764,2023-02-11 12:21:57,5.00
765,2023-02-11 12:22:09,5.00
766,2023-02-11 12:22:22,5.00
767,2023-02-11 12:22:34,5.00
768,2023-02-11 12:22:47,5.00
769,2023-02-11 12:23:00,5.00
770,2023-02-11 12:23:12,5.00
771,2023-02-11 12:23:25,5.00
772,2023-02-11 12:23:37,5.10
773,2023-02-11 12:23:50,5.00
774,2023-02-11 12:24:03,5.00
775,2023-02-11 12:24:15,5.00
776,2023-02-11 12:24:28,5.00
777,2023-02-11 12:24:40,5.00
778,2023-02-11 12:24:53,5.10
779,2023-02-11 12:25:06,5.00
780,2023-02-11 12:25:18,5.00
781,2023-02-11 12:25:31,5.00
782,2023-02-11 12:25:44,5.00
783,2023-02-11 12:25:56,5.00
784,2023-02-11 12:26:09,5.00
785,2023-02-11 12:26:21,5.00
786,2023-02-11 12:26:34,5.00
787,2023-02-11 12:26:47,5.00
788,2023-02-11 12:26:59,5.00
789,2023-02-11 12:27:12,5.00
790,2023-02-11 12:27:24,5.10
791,2023-02-11 12:27:37,5.00
792,2023-02-11 12:27:50,5.00
793,2023-02-11 12:28:02,5.00
794,2023-02-11 12:28:15,5.00
795,2023-02-11 12:28:27,5.10
796,2023-02-11 12:28:40,5.00
797,2023-02-11 12:28:53,5.00
798,2023-02-11 12:29:05,5.00
799,2023-02-11 12:29:18,5.00
800,2023-02-11 12:29:30,5.00
801,2023-02-11 12:29:43,5.00
802,2023-02-11 12:29:56,5.10
803,2023-02-11 12:30:08,5.00
804,2023-02-11 12:30:21,5.00
805,2023-02-11 12:30:33,5.00
806,2023-02-11 12:30:46,5.00
807,2023-02-11 12:30:59,5.00
808,2023-02-11 12:31:11,5.00
809,2023-02-11 12:31:24,5.00
810,2023-02-11 12:31:36,5.00
811,2023-02-11 12:31:49,5.00
812,2023-02-11 12:32:02,5.00
813,2023-02-11 12:32:14,5.00
814,2023-02-11 12:32:27,5.00
815,2023-02-11 12:32:39,5.00
816,2023-02-11 12:32:52,5.00
817,2023-02-11 12:33:05,5.10
818,2023-02-11 12:33:17,5.00
819,2023-02-11 12:33:30,5.00
820,2023-02-11 12:33:42,5.00
821,2023-02-11 12:33:55,5.00
822,2023-02-11 12:34:08,5.00
823,2023-02-11 12:34:20,5.00
824,2023-02-11 12:34:33,5.00
825,2023-02-11 12:34:45,5.00
826,2023-02-11 12:34:58,5.00
827,2023-02-11 12:35:15,5.00
828,2023-02-11 12:35:28,5.00
829,2023-02-11 12:35:40,5.00
830,2023-02-11 12:35:53,5.00
831,2023-02-11 12:36:06,5.00
832,2023-02-11 12:36:18,5.00
833,2023-02-11 12:36:31,5.00
834,2023-02-11 12:36:43,5.00
835,2023-02-11 12:36:56,5.10
836,2023-02-11 12:37:09,5.00
837,2023-02-11 12:37:21,5.00
838,2023-02-11 12:37:34,5.00
839,2023-02-11 12:37:46,5.00
840,2023-02-11 12:37:59,5.00
841,2023-02-11 12:38:12,5.00
842,2023-02-11 12:38:24,5.00
843,2023-02-11 12:38:37,5.00
844,2023-02-11 12:38:49,5.00
845,2023-02-11 12:39:02,5.00
846,2023-02-11 12:39:15,5.00
847,2023-02-11 12:39:35,5.00
848,2023-02-11 12:39:47,5.00
849,2023-02-11 12:40:00,5.00
850,2023-02-11 12:40:12,5.00
851,2023-02-11 12:40:25,5.00
852,2023-02-11 12:40:38,5.00
853,2023-02-11 12:40:50,5.00
854,2023-02-11 12:41:03,5.10
855,2023-02-11 12:41:15,5.00
856,2023-02-11 12:41:28,5.00
857,2023-02-11 12:41:41,5.00
858,2023-02-11 12:41:53,5.00
859,2023-02-11 12:42:06,5.00
860,2023-02-11 12:42:18,5.00
861,2023-02-11 12:42:31,5.00
862,2023-02-11 12:42:44,5.00
863,2023-02-11 12:42:56,5.00
864,2023-02-11 12:43:09,5.00
865,2023-02-11 12:43:21,5.00
866,2023-02-11 12:43:34,5.00
867,2023-02-11 12:43:47,5.10
868,2023-02-11 12:43:59,5.00
869,2023-02-11 12:44:12,5.00
870,2023-02-11 12:44:24,5.00
871,2023-02-11 12:44:37,5.00
872,2023-02-11 12:44:49,5.00
873,2023-02-11 12:45:02,5.00
874,2023-02-11 12:45:15,5.00
875,2023-02-11 12:45:38,5.00
876,2023-02-11 12:45:50,5.00
877,2023-02-11 12:46:03,5.00
878,2023-02-11 12:46:16,5.00
879,2023-02-11 12:46:28,4.90
880,2023-02-11 12:46:41,5.00
881,2023-02-11 12:46:53,5.00
882,2023-02-11 12:47:06,5.00
883,2023-02-11 12:47:19,5.00
884,2023-02-11 12:48:50,34.30
885,2023-02-11 12:49:02,33.90
886,2023-02-11 12:49:22,33.30
887,2023-02-11 12:49:35,33.00
888,2023-02-11 12:49:47,32.70
889,2023-02-11 12:50:00,52.60
890,2023-02-11 12:50:13,65.20
891,2023-02-11 12:50:25,65.60
892,2023-02-11 12:50:38,65.80
893,2023-02-11 12:50:51,65.60
894,2023-02-11 12:51:03,66.30
895,2023-02-11 12:51:16,66.40
896,2023-02-11 12:51:28,66.70
897,2023-02-11 12:51:41,67.00
898,2023-02-11 12:51:53,66.80
899,2023-02-11 12:52:06,66.90
900,2023-02-11 12:52:19,67.30
901,2023-02-11 12:52:31,67.00
902,2023-02-11 12:52:44,67.10
903,2023-02-11 12:52:56,67.20
904,2023-02-11 12:53:09,66.80
905,2023-02-11 12:53:22,37.70
906,2023-02-11 12:53:34,20.30
907,2023-02-11 12:53:47,3.20
908,2023-02-11 12:53:59,3.20
909,2023-02-11 12:54:12,3.20
910,2023-02-11 12:54:25,3.10
911,2023-02-11 12:54:37,3.20
912,2023-02-11 12:54:50,3.10
913,2023-02-11 12:55:02,3.20
914,2023-02-11 12:55:15,3.10
915,2023-02-11 12:55:28,19.30
916,2023-02-11 12:55:40,18.60
917,2023-02-11 12:55:53,3.20
918,2023-02-11 12:56:05,18.00
919,2023-02-11 12:56:18,18.20
920,2023-02-11 12:56:31,34.40
921,2023-02-11 12:56:43,34.80
922,2023-02-11 12:56:56,3.10
923,2023-02-11 12:57:08,3.10
924,2023-02-11 12:57:21,3.10
925,2023-02-11 12:57:34,3.10
926,2023-02-11 12:57:46,3.10
927,2023-02-11 12:58:06,3.00
928,2023-02-11 12:58:19,3.10
929,2023-02-11 12:58:31,3.10
930,2023-02-11 12:58:44,3.10
931,2023-02-11 12:59:04,3.10
932,2023-02-11 12:59:17,3.10
933,2023-02-11 12:59:29,3.10
934,2023-02-11 12:59:42,3.10
935,2023-02-11 12:59:54,3.10
936,2023-02-11 13:00:07,3.10
937,2023-02-11 13:00:20,3.10
938,2023-02-11 13:00:32,3.00
939,2023-02-11 13:00:45,3.00
940,2023-02-11 13:00:57,3.10
941,2023-02-11 13:01:10,3.00
942,2023-02-11 13:01:23,3.10
943,2023-02-11 13:01:35,3.10
944,2023-02-11 13:01:48,3.10
945,2023-02-11 13:02:01,3.10
946,2023-02-11 13:02:13,3.10
947,2023-02-11 13:02:26,3.10
948,2023-02-11 13:02:38,3.10
949,2023-02-11 13:02:51,3.10
950,2023-02-11 13:03:04,3.10
951,2023-02-11 13:03:16,3.10
952,2023-02-11 13:03:29,3.10
953,2023-02-11 13:03:41,3.00
954,2023-02-11 13:03:54,3.00
955,2023-02-11 13:04:06,3.10
956,2023-02-11 13:04:24,3.00
957,2023-02-11 13:04:37,3.10
958,2023-02-11 13:04:49,3.00
959,2023-02-11 13:05:02,3.10
960,2023-02-11 13:05:14,3.10
961,2023-02-11 13:05:27,3.10
962,2023-02-11 13:05:40,3.10
963,2023-02-11 13:05:52,3.00
964,2023-02-11 13:06:05,3.10
965,2023-02-11 13:06:18,3.10
966,2023-02-11 13:06:30,3.10
967,2023-02-11 13:06:43,3.00
968,2023-02-11 13:06:56,3.10
969,2023-02-11 13:07:08,3.10
970,2023-02-11 13:07:21,3.10
971,2023-02-11 13:07:33,3.00
972,2023-02-11 13:07:46,3.10
973,2023-02-11 13:07:58,3.10
974,2023-02-11 13:08:11,3.00
975,2023-02-11 13:08:24,3.10
976,2023-02-11 13:08:36,3.10
977,2023-02-11 13:08:49,3.00
978,2023-02-11 13:09:01,3.00
979,2023-02-11 13:09:14,3.10
980,2023-02-11 13:09:27,3.00
981,2023-02-11 13:09:39,3.00
982,2023-02-11 13:09:52,3.10
983,2023-02-11 13:10:04,3.10
984,2023-02-11 13:10:17,3.00
985,2023-02-11 13:10:30,3.10
986,2023-02-11 13:10:42,3.10
987,2023-02-11 13:10:55,3.10
988,2023-02-11 13:11:07,3.00
989,2023-02-11 13:11:20,3.10
990,2023-02-11 13:11:33,3.00
991,2023-02-11 13:11:45,3.00
992,2023-02-11 13:11:58,3.10
993,2023-02-11 13:12:11,3.10
994,2023-02-11 13:12:23,3.00
995,2023-02-11 13:12:36,3.10
996,2023-02-11 13:12:48,3.10
997,2023-02-11 13:13:01,3.10
998,2023-02-11 13:13:14,3.00
999,2023-02-11 13:13:26,3.00
1000,2023-02-11 13:13:39,3.00
1001,2023-02-11 13:13:51,3.00
1002,2023-02-11 13:14:04,3.00
1003,2023-02-11 13:14:17,3.10
1004,2023-02-11 13:14:29,3.10
1005,2023-02-11 13:14:42,3.10
1006,2023-02-11 13:14:54,3.10
1007,2023-02-11 13:15:07,3.10
1008,2023-02-11 13:15:20,3.00
1009,2023-02-11 13:15:32,3.10
1010,2023-02-11 13:15:45,3.10
1011,2023-02-11 13:15:57,3.00
1012,2023-02-11 13:16:15,3.00
1013,2023-02-11 13:16:28,3.00
1014,2023-02-11 13:16:40,3.10
1015,2023-02-11 13:16:53,3.10
1016,2023-02-11 13:17:05,3.10
1017,2023-02-11 13:17:18,3.10
1018,2023-02-11 13:17:31,3.10
1019,2023-02-11 13:17:43,3.00
1020,2023-02-11 13:17:56,3.10
1021,2023-02-11 13:18:08,3.10
1022,2023-02-11 13:18:21,3.10
1023,2023-02-11 13:18:34,3.00
1024,2023-02-11 13:18:46,3.00
1025,2023-02-11 13:18:59,3.00
1026,2023-02-11 13:19:11,3.10
1027,2023-02-11 13:19:24,3.00
1028,2023-02-11 13:19:37,3.00
1029,2023-02-11 13:19:49,3.00
1030,2023-02-11 13:20:02,3.10
1031,2023-02-11 13:20:14,3.10
1032,2023-02-11 13:20:27,3.00
1033,2023-02-11 13:20:43,3.00
1034,2023-02-11 13:20:56,3.10
1035,2023-02-11 13:21:08,3.10
1036,2023-02-11 13:21:21,3.00
1037,2023-02-11 13:21:34,3.00
1038,2023-02-11 13:21:46,3.00
1039,2023-02-11 13:21:59,3.10
1040,2023-02-11 13:22:11,3.10
1041,2023-02-11 13:22:24,3.10
1042,2023-02-11 13:22:37,3.10
1043,2023-02-11 13:22:49,3.10
1044,2023-02-11 13:23:02,3.00
1045,2023-02-11 13:23:24,3.00
1046,2023-02-11 13:23:36,3.10
1047,2023-02-11 13:23:49,3.10
1048,2023-02-11 13:24:02,3.00
1049,2023-02-11 13:24:14,3.10
1050,2023-02-11 13:24:27,3.10
1051,2023-02-11 13:24:39,3.10
1052,2023-02-11 13:24:52,3.10
1053,2023-02-11 13:25:05,3.00
1054,2023-02-11 13:25:17,3.10
1055,2023-02-11 13:25:30,3.00
1056,2023-02-11 13:25:42,3.00
1057,2023-02-11 13:25:55,36.70
1058,2023-02-11 13:26:08,51.70
1059,2023-02-11 13:26:20,51.80
1060,2023-02-11 23:54:15,8.00
1061,2023-02-11 23:54:33,8.00
1062,2023-02-11 23:54:46,8.00
1063,2023-02-11 23:54:59,7.90
1064,2023-02-11 23:55:11,7.90
1065,2023-02-11 23:55:24,7.90
1066,2023-02-11 23:55:36,7.90
1067,2023-02-11 23:55:49,1.70
1068,2023-02-11 23:56:02,1.70
1069,2023-02-11 23:56:14,1.80
1070,2023-02-11 23:56:27,1.70
1071,2023-02-11 23:56:39,1.80
1072,2023-02-11 23:56:54,7.80
1073,2023-02-11 23:57:07,5.60
1074,2023-02-11 23:57:19,5.60
1075,2023-02-11 23:57:32,5.60
1076,2023-02-11 23:57:45,5.50
1077,2023-02-11 23:57:57,5.70
1078,2023-02-11 23:58:19,5.90
1079,2023-02-11 23:58:32,6.10
1080,2023-02-11 23:58:44,6.10
1081,2023-02-11 23:58:57,6.30
1082,2023-02-11 23:59:09,6.50
1083,2023-02-11 23:59:22,6.10
1084,2023-02-11 23:59:35,6.10
1085,2023-02-11 23:59:47,6.30
1086,2023-02-12 00:00:00,5.50
1087,2023-02-12 00:00:12,6.50
1088,2023-02-12 00:00:25,6.60
1089,2023-02-12 00:00:38,6.50
1090,2023-02-12 00:00:50,6.50
1091,2023-02-12 00:01:03,6.70
1092,2023-02-12 00:01:25,6.70
1093,2023-02-12 00:01:37,6.40
1094,2023-02-12 00:01:50,6.40
1095,2023-02-12 00:02:03,6.80
1096,2023-02-12 00:02:15,6.70
1097,2023-02-12 00:02:28,6.40
1098,2023-02-12 00:02:40,6.50
1099,2023-02-12 00:02:53,6.40
1100,2023-02-12 00:03:06,6.40
1101,2023-02-12 00:03:18,6.70
1102,2023-02-12 00:03:31,6.30
1103,2023-02-12 00:03:43,6.40
1104,2023-02-12 00:03:56,6.40
1105,2023-02-12 00:04:09,6.60
1106,2023-02-12 00:04:21,6.40
1107,2023-02-12 00:04:34,6.50
1108,2023-02-12 00:04:46,6.80
1109,2023-02-12 00:04:59,6.40
1110,2023-02-12 00:05:11,6.40
1111,2023-02-12 00:05:24,6.70
1112,2023-02-12 00:05:37,6.40
1113,2023-02-12 00:05:49,6.40
1114,2023-02-12 00:06:02,6.50
1115,2023-02-12 00:06:14,6.40
1116,2023-02-12 00:06:27,6.40
1117,2023-02-12 00:06:40,6.70
1118,2023-02-12 00:06:52,6.40
1119,2023-02-12 00:07:05,6.40
1120,2023-02-12 00:07:18,6.70
1121,2023-02-12 00:07:30,6.40
1122,2023-02-12 00:07:43,6.40
1123,2023-02-12 00:07:55,6.60
1124,2023-02-12 00:08:08,6.40
1125,2023-02-12 00:08:21,6.40
1126,2023-02-12 00:08:33,6.70
1127,2023-02-12 00:08:46,6.40
1128,2023-02-12 00:08:58,6.30
1129,2023-02-12 00:09:11,6.60
1130,2023-02-12 00:09:24,6.50
1131,2023-02-12 00:09:36,6.40
1132,2023-02-12 00:09:49,6.70
1133,2023-02-12 00:10:01,6.40
1134,2023-02-12 00:10:14,6.30
1135,2023-02-12 00:10:27,6.40
1136,2023-02-12 00:10:39,6.70
1137,2023-02-12 00:10:52,6.40
1138,2023-02-12 00:11:04,6.40
1139,2023-02-12 00:11:17,6.40
1140,2023-02-12 00:11:30,6.40
1141,2023-02-12 00:11:42,6.40
1142,2023-02-12 00:11:55,6.80
1143,2023-02-12 00:12:28,6.60
1144,2023-02-12 00:12:41,6.40
1145,2023-02-12 00:12:53,6.40
1146,2023-02-12 00:13:06,6.40
1147,2023-02-12 00:13:22,6.70
1148,2023-02-12 00:13:34,6.40
1149,2023-02-12 00:13:47,6.50
1150,2023-02-12 00:14:00,6.40
1151,2023-02-12 00:14:12,6.40
1152,2023-02-12 00:14:25,6.40
1153,2023-02-12 00:14:37,6.50
1154,2023-02-12 00:14:50,6.40
1155,2023-02-12 00:15:02,6.30
1156,2023-02-12 00:15:15,6.50
1157,2023-02-12 00:15:28,6.40
1158,2023-02-12 00:15:40,6.40
1159,2023-02-12 00:15:53,6.60
1160,2023-02-12 00:16:05,6.40
1161,2023-02-12 00:16:18,6.40
1162,2023-02-12 00:16:31,6.60
1163,2023-02-12 00:16:43,6.30
1164,2023-02-12 00:16:56,6.40
1165,2023-02-12 00:17:08,6.60
1166,2023-02-12 00:17:21,6.40
1167,2023-02-12 00:17:34,6.30
1168,2023-02-12 00:17:46,6.70
1169,2023-02-12 00:17:59,6.70
1170,2023-02-12 00:18:11,6.70
1171,2023-02-12 00:18:24,5.40
1172,2023-02-12 00:18:42,2.40
1173,2023-02-12 00:18:55,2.40
1174,2023-02-12 00:19:07,2.70
1175,2023-02-12 00:19:20,2.40
1176,2023-02-12 00:19:33,2.50
1177,2023-02-12 00:19:45,36.80
1178,2023-02-12 00:19:58,37.20
1179,2023-02-12 00:20:10,37.20
1180,2023-02-12 00:20:23,37.20
1181,2023-02-12 00:20:35,35.80
1182,2023-02-12 00:20:48,26.00
1183,2023-02-12 00:21:01,2.40
1184,2023-02-12 00:21:13,2.50
1185,2023-02-12 00:21:26,2.40
1186,2023-02-12 00:21:39,2.70
1187,2023-02-12 00:21:51,2.40
1188,2023-02-12 00:22:04,2.40
1189,2023-02-12 00:22:16,2.40
1190,2023-02-12 00:22:29,2.40
1191,2023-02-12 00:22:41,2.40
1192,2023-02-12 00:22:54,2.70
1193,2023-02-12 00:23:07,2.40
1194,2023-02-12 00:23:19,2.50
1195,2023-02-12 00:23:32,2.40
1196,2023-02-12 00:23:44,2.40
1197,2023-02-12 00:23:57,2.40
1198,2023-02-12 00:24:10,2.50
1199,2023-02-12 00:24:22,2.40
1200,2023-02-12 00:24:35,2.50
1201,2023-02-12 00:24:48,2.40
1202,2023-02-12 00:25:00,2.40
1203,2023-02-12 00:25:13,2.70
1204,2023-02-12 00:25:25,2.50
1205,2023-02-12 00:25:38,2.40
1206,2023-02-12 00:25:51,2.50
1207,2023-02-12 00:26:03,2.40
1208,2023-02-12 00:26:16,2.40
1209,2023-02-12 00:26:28,2.70
1210,2023-02-12 00:26:41,2.50
1211,2023-02-12 00:26:54,2.40
1212,2023-02-12 00:27:06,2.60
1213,2023-02-12 00:27:19,2.40
1214,2023-02-12 00:27:31,2.40
1215,2023-02-12 00:27:44,2.60
1216,2023-02-12 00:27:57,2.60
1217,2023-02-12 00:28:09,2.40
1218,2023-02-12 00:28:22,2.50
1219,2023-02-12 00:28:34,2.30
1220,2023-02-12 00:28:47,2.40
1221,2023-02-12 00:28:59,2.60
1222,2023-02-12 00:29:12,2.50
1223,2023-02-12 00:29:25,2.40
1224,2023-02-12 00:29:37,2.50
1225,2023-02-12 00:29:50,2.40
1226,2023-02-12 00:30:02,2.40
1227,2023-02-12 00:30:15,2.60
1228,2023-02-12 00:30:28,2.60
1229,2023-02-12 00:30:40,2.40
1230,2023-02-12 00:30:53,2.50
1231,2023-02-12 00:31:05,2.40
1232,2023-02-12 00:31:18,2.40
1233,2023-02-12 00:31:31,2.70
1234,2023-02-12 00:31:43,2.40
1235,2023-02-12 00:31:56,2.40
1236,2023-02-12 00:32:08,2.50
1237,2023-02-12 00:32:21,2.40
1238,2023-02-12 00:32:34,2.40
1239,2023-02-12 00:32:46,2.70
1240,2023-02-12 00:32:59,2.40
1241,2023-02-12 00:33:11,2.40
1242,2023-02-12 00:33:24,2.60
1243,2023-02-12 00:33:37,2.40
1244,2023-02-12 00:33:49,2.40
1245,2023-02-12 00:34:02,2.70
1246,2023-02-12 00:34:14,2.30
1247,2023-02-12 00:34:27,2.40
1248,2023-02-12 00:34:40,2.60
1249,2023-02-12 00:34:52,2.30
1250,2023-02-12 00:35:53,2.30
1251,2023-02-12 00:36:05,2.50
1252,2023-02-12 00:36:18,2.40
1253,2023-02-12 00:36:30,2.40
1254,2023-02-12 00:36:43,2.70
1255,2023-02-12 00:36:56,2.40
1256,2023-02-12 00:37:08,2.40
1257,2023-02-12 00:37:21,2.50
1258,2023-02-12 00:37:33,2.40
1259,2023-02-12 00:37:46,2.40
1260,2023-02-12 00:37:59,2.70
1261,2023-02-12 00:38:11,2.30
1262,2023-02-12 00:38:24,2.40
1263,2023-02-12 00:38:36,2.50
1264,2023-02-12 00:38:54,2.40
1265,2023-02-12 00:39:07,2.40
1266,2023-02-12 00:39:19,2.60
1267,2023-02-12 00:39:32,2.40
1268,2023-02-12 00:39:44,2.40
1269,2023-02-12 00:39:57,2.40
1270,2023-02-12 00:40:10,2.40
1271,2023-02-12 00:40:22,2.40
1272,2023-02-12 00:40:35,2.70
1273,2023-02-12 00:40:53,2.40
1274,2023-02-12 00:41:05,2.40
1275,2023-02-12 00:41:18,2.40
1276,2023-02-12 00:41:30,2.50
1277,2023-02-12 00:41:54,2.30
1278,2023-02-12 00:42:07,2.70
1279,2023-02-12 00:42:19,2.40
1280,2023-02-12 00:42:32,2.40
1281,2023-02-12 00:42:44,2.60
1282,2023-02-12 00:42:57,2.40
1283,2023-02-12 00:43:10,2.40
1284,2023-02-12 00:43:22,2.70
1285,2023-02-12 00:43:35,2.50
1286,2023-02-12 00:43:47,2.30
1287,2023-02-12 00:44:06,2.40
1288,2023-02-12 00:44:18,2.40
1289,2023-02-12 00:44:31,2.30
1290,2023-02-12 00:44:43,2.70
1291,2023-02-12 00:44:56,2.40
1292,2023-02-12 00:45:09,2.30
1293,2023-02-12 00:45:21,2.50
1294,2023-02-12 00:45:34,2.40
1295,2023-02-12 00:45:46,2.40
1296,2023-02-12 00:45:59,2.70
1297,2023-02-12 00:46:12,2.40
1298,2023-02-12 00:46:24,2.40
1299,2023-02-12 00:46:37,2.50
1300,2023-02-12 00:46:49,2.40
1301,2023-02-12 00:47:02,2.40
1302,2023-02-12 00:47:20,2.70
1303,2023-02-12 00:47:32,2.40
1304,2023-02-12 00:47:45,2.40
1305,2023-02-12 00:47:57,2.50
1306,2023-02-12 00:48:10,2.40
1307,2023-02-12 00:48:23,2.30
1308,2023-02-12 00:48:35,2.60
1309,2023-02-12 00:48:48,2.40
1310,2023-02-12 00:49:00,2.40
1311,2023-02-12 00:49:13,2.40
1312,2023-02-12 00:49:26,2.40
1313,2023-02-12 00:49:38,2.40
1314,2023-02-12 00:49:51,2.60
1315,2023-02-12 00:50:03,2.40
1316,2023-02-12 00:50:16,2.40
1317,2023-02-12 00:50:29,2.40
1318,2023-02-12 00:50:41,2.40
1319,2023-02-12 00:50:54,2.40
1320,2023-02-12 00:51:06,2.50
1321,2023-02-12 00:51:19,2.30
1322,2023-02-12 00:51:32,2.50
1323,2023-02-12 00:51:44,2.40
1324,2023-02-12 00:51:57,2.40
1325,2023-02-12 00:52:09,2.40
1326,2023-02-12 00:52:22,2.50
1327,2023-02-12 00:52:35,2.40
1328,2023-02-12 00:52:47,2.60
1329,2023-02-12 00:53:00,2.40
1330,2023-02-12 00:53:12,2.40
1331,2023-02-12 00:53:25,2.30
1332,2023-02-12 00:53:37,2.40
1333,2023-02-12 00:53:50,2.40
1334,2023-02-12 00:54:03,2.60
1335,2023-02-12 00:54:15,2.40
1336,2023-02-12 00:54:28,2.40
1337,2023-02-12 00:54:40,2.40
1338,2023-02-12 00:54:53,2.50
1339,2023-02-12 00:55:06,2.40
1340,2023-02-12 00:55:23,2.40
1341,2023-02-12 00:55:36,2.40
1342,2023-02-12 00:55:49,2.40
1343,2023-02-12 00:56:02,2.70
1344,2023-02-12 00:56:14,2.40
1345,2023-02-12 00:56:27,2.30
1346,2023-02-12 00:56:39,2.40
1347,2023-02-12 00:56:52,2.30
1348,2023-02-12 00:57:05,2.40
1349,2023-02-12 00:57:17,2.80
1350,2023-02-12 00:57:30,2.40
1351,2023-02-12 00:57:42,2.40
1352,2023-02-12 00:57:55,2.50
1353,2023-02-12 00:58:08,2.30
1354,2023-02-12 00:58:20,2.40
1355,2023-02-12 00:58:40,2.40
1356,2023-02-12 00:58:53,2.40
1357,2023-02-12 00:59:05,2.70
1358,2023-02-12 00:59:18,2.40
1359,2023-02-12 00:59:30,2.40
1360,2023-02-12 00:59:43,2.60
1361,2023-02-12 00:59:56,2.40
1362,2023-02-12 01:00:08,2.30
1363,2023-02-12 01:00:21,2.60
1364,2023-02-12 01:00:33,2.40
1365,2023-02-12 01:00:46,2.40
1366,2023-02-12 01:00:59,2.60
1367,2023-02-12 01:01:11,2.40
1368,2023-02-12 01:01:24,2.40
1369,2023-02-12 01:01:36,2.70
1370,2023-02-12 01:01:49,2.40
1371,2023-02-12 01:02:02,2.30
1372,2023-02-12 01:02:14,2.70
1373,2023-02-12 01:02:27,2.30
1374,2023-02-12 01:02:39,2.40
1375,2023-02-12 01:02:52,2.50
1376,2023-02-12 01:03:05,2.40
1377,2023-02-12 01:03:17,2.30
1378,2023-02-12 01:03:30,2.70
1379,2023-02-12 01:03:42,2.40
1380,2023-02-12 01:03:55,2.40
1381,2023-02-12 01:04:08,2.50
1382,2023-02-12 01:04:20,2.40
1383,2023-02-12 01:04:33,2.30
1384,2023-02-12 01:04:45,2.70
1385,2023-02-12 01:04:58,2.40
1386,2023-02-12 01:05:11,2.40
1387,2023-02-12 01:05:23,2.40
1388,2023-02-12 01:05:36,2.40
1389,2023-02-12 01:05:48,2.40
1390,2023-02-12 01:06:01,2.70
1391,2023-02-12 01:53:32,1.80
1392,2023-02-12 01:53:44,1.80
1393,2023-02-12 01:53:57,1.70
1394,2023-02-12 01:54:09,1.80
1395,2023-02-12 01:54:22,1.80
1396,2023-02-12 01:54:35,1.70
1397,2023-02-12 01:54:47,1.80
1398,2023-02-12 01:55:00,1.80
1399,2023-02-12 01:55:12,1.80
1400,2023-02-12 01:55:25,1.80
1401,2023-02-12 01:55:38,1.80
1402,2023-02-12 01:55:50,1.90
1403,2023-02-12 01:56:03,1.80
1404,2023-02-12 01:56:10,38.50
1405,2023-02-12 01:56:23,2.90
1406,2023-02-12 01:56:36,2.60
1407,2023-02-12 01:56:48,2.40
1408,2023-02-12 01:57:01,2.90
1409,2023-02-12 01:57:13,35.60
1410,2023-02-12 01:57:26,36.10
1411,2023-02-12 01:57:39,35.60
1412,2023-02-12 01:57:51,35.40
1413,2023-02-12 01:58:04,35.10
1414,2023-02-12 01:58:16,34.90
1415,2023-02-12 01:58:29,34.70
1416,2023-02-12 01:58:42,35.00
1417,2023-02-12 01:58:54,34.60
1418,2023-02-12 01:59:07,34.50
1419,2023-02-12 01:59:19,34.50
1420,2023-02-12 01:59:32,34.40
1421,2023-02-12 01:59:45,34.30
1422,2023-02-12 01:59:57,7.10
1423,2023-02-12 02:00:10,2.90
1424,2023-02-12 02:00:22,19.30
1425,2023-02-12 02:00:35,2.60
1426,2023-02-12 02:00:48,2.40
1427,2023-02-12 02:01:00,2.40
1428,2023-02-12 02:01:13,2.70
1429,2023-02-12 02:01:25,2.40
1430,2023-02-12 02:01:38,2.40
1431,2023-02-12 02:01:50,2.80
1432,2023-02-12 02:02:03,2.40
1433,2023-02-12 02:02:16,2.40
1434,2023-02-12 02:02:28,2.50
1435,2023-02-12 02:02:41,2.40
1436,2023-02-12 02:02:53,2.40
1437,2023-02-12 02:03:06,2.70
1438,2023-02-12 02:03:19,2.40
1439,2023-02-12 02:03:31,2.40
1440,2023-02-12 02:03:44,2.60
1441,2023-02-12 02:03:56,2.40
1442,2023-02-12 02:04:14,2.40
1443,2023-02-12 02:04:27,2.60
1444,2023-02-12 02:04:39,2.40
1445,2023-02-12 02:04:52,2.40
1446,2023-02-12 02:05:04,2.40
1447,2023-02-12 02:05:17,2.50
1448,2023-02-12 02:05:30,2.40
1449,2023-02-12 02:05:42,2.50
1450,2023-02-12 02:05:55,2.40
1451,2023-02-12 02:06:07,2.50
1452,2023-02-12 02:06:20,2.40
1453,2023-02-12 02:06:33,2.70
1454,2023-02-12 02:06:45,2.40
1455,2023-02-12 02:06:58,2.40
1456,2023-02-12 02:07:10,2.50
1457,2023-02-12 02:07:23,2.30
1458,2023-02-12 02:07:36,2.40
1459,2023-02-12 02:07:48,2.70
1460,2023-02-12 02:08:01,2.40
1461,2023-02-12 02:08:13,2.30
1462,2023-02-12 02:08:26,2.40
1463,2023-02-12 02:08:39,2.40
1464,2023-02-12 02:08:51,2.40
1465,2023-02-12 02:09:04,2.70
1466,2023-02-12 02:09:16,2.40
1467,2023-02-12 02:09:34,2.40
1468,2023-02-12 02:09:47,2.70
1469,2023-02-12 02:10:00,2.40
1470,2023-02-12 02:10:12,2.40
1471,2023-02-12 02:10:25,2.70
1472,2023-02-12 02:10:37,2.40
1473,2023-02-12 02:10:50,2.40
1474,2023-02-12 02:11:03,2.70
1475,2023-02-12 02:11:15,2.40
1476,2023-02-12 02:11:28,2.40
1477,2023-02-12 02:11:45,2.60
1478,2023-02-12 02:11:58,2.40
1479,2023-02-12 02:12:11,2.30
1480,2023-02-12 02:12:33,2.40
1481,2023-02-12 02:12:45,2.60
1482,2023-02-12 02:12:58,2.40
1483,2023-02-12 02:13:10,2.40
1484,2023-02-12 02:13:23,2.70
1485,2023-02-12 02:13:36,2.40
1486,2023-02-12 02:13:48,2.40
1487,2023-02-12 02:14:06,2.40
1488,2023-02-12 02:14:19,2.50
1489,2023-02-12 02:14:31,2.30
1490,2023-02-12 02:14:44,2.60
1491,2023-02-12 02:14:56,2.40
1492,2023-02-12 02:15:09,2.40
1493,2023-02-12 02:15:21,2.40
1494,2023-02-12 02:25:54,38.50
1495,2023-02-12 02:26:07,2.60
1496,2023-02-12 02:26:20,2.40
1497,2023-02-12 02:26:32,2.40
1498,2023-02-12 02:26:49,2.40
1499,2023-02-12 02:27:02,2.70
1500,2023-02-12 02:27:14,2.40
1501,2023-02-12 02:27:25,38.70
1502,2023-02-12 02:27:38,2.40
1503,2023-02-12 02:27:50,2.40
1504,2023-02-12 02:28:03,2.40
1505,2023-02-12 02:28:15,2.40
1506,2023-02-12 02:28:28,2.70
1507,2023-02-12 02:28:41,2.40
1508,2023-02-12 02:28:53,2.40
1509,2023-02-12 02:29:06,2.60
1510,2023-02-12 02:29:18,2.40
1511,2023-02-12 02:29:31,2.40
1512,2023-02-12 02:29:44,2.70
1513,2023-02-12 02:29:56,2.40
1514,2023-02-12 02:30:09,2.40
1515,2023-02-12 02:30:21,2.80
1516,2023-02-12 02:30:34,2.40
1517,2023-02-12 02:30:47,2.40
1518,2023-02-12 02:30:59,2.50
1519,2023-02-12 02:31:12,2.40
1520,2023-02-12 02:31:24,2.40
1521,2023-02-12 02:31:37,2.70
1522,2023-02-12 02:31:49,2.40
1523,2023-02-12 02:32:02,2.40
1524,2023-02-12 02:32:15,2.40
1525,2023-02-12 10:04:54,8.00
1526,2023-02-12 10:05:17,2.90
1527,2023-02-12 10:05:29,3.20
1528,2023-02-12 10:05:48,6.20
1529,2023-02-12 10:06:00,2.90
1530,2023-02-12 10:06:13,3.20
1531,2023-02-12 10:06:26,3.20
1532,2023-02-12 10:06:38,3.40
1533,2023-02-12 10:06:51,3.20
1534,2023-02-12 10:07:03,3.40
1535,2023-02-12 10:07:16,3.20
1536,2023-02-12 10:07:29,3.20
1537,2023-02-12 10:31:29,2.00
1538,2023-02-12 10:31:42,2.30
1539,2023-02-12 10:31:54,2.60
1540,2023-02-12 10:32:07,2.60
1541,2023-02-12 10:32:20,2.60
1542,2023-02-12 10:32:32,2.60
1543,2023-02-12 10:32:45,2.60
1544,2023-02-12 10:32:57,2.60
1545,2023-02-12 10:33:15,2.60
1546,2023-02-12 10:33:28,2.60
1547,2023-02-12 10:33:40,2.60
1548,2023-02-12 10:33:53,2.60
1549,2023-02-12 10:34:02,174.60
1550,2023-02-12 10:35:03,2.20
1551,2023-02-12 10:35:15,2.30
1552,2023-02-12 10:35:28,2.60
1553,2023-02-12 10:36:05,23.80
1554,2023-02-12 10:36:17,23.30
1555,2023-02-12 10:36:30,4.40
1556,2023-02-12 10:36:43,4.10
1557,2023-02-12 10:36:55,4.50
1558,2023-02-12 10:37:08,21.40
1559,2023-02-12 10:37:20,3.70
1560,2023-02-12 10:37:33,3.70
1561,2023-02-12 10:37:45,3.80
1562,2023-02-12 10:37:58,3.40
1563,2023-02-12 10:38:11,3.60
1564,2023-02-12 10:38:23,3.80
1565,2023-02-12 10:38:36,3.40
1566,2023-02-12 10:38:48,3.60
1567,2023-02-12 10:39:07,4.10
1568,2023-02-12 10:39:19,4.70
1569,2023-02-12 10:39:32,4.80
1570,2023-02-12 10:39:44,4.80
1571,2023-02-12 10:39:57,5.00
1572,2023-02-12 10:40:10,4.70
1573,2023-02-12 10:40:22,4.80
1574,2023-02-12 10:40:35,5.10
1575,2023-02-12 10:40:48,4.80
1576,2023-02-12 10:41:00,4.80
1577,2023-02-12 10:41:13,4.90
1578,2023-02-12 10:41:25,4.80
1579,2023-02-12 10:41:38,4.80
1580,2023-02-12 10:41:51,4.80
1581,2023-02-12 10:42:03,5.00
1582,2023-02-12 10:42:16,4.70
1583,2023-02-12 10:42:28,4.80
1584,2023-02-12 10:42:41,4.80
1585,2023-02-12 10:42:54,4.80
1586,2023-02-12 10:43:06,4.70
1587,2023-02-12 10:43:19,5.10
1588,2023-02-12 10:43:31,4.80
1589,2023-02-12 10:43:44,4.80
1590,2023-02-12 10:43:57,4.70
1591,2023-02-12 10:49:44,4.50
1592,2023-02-12 10:49:57,4.80
1593,2023-02-12 10:50:10,4.70
1594,2023-02-12 10:50:22,4.60
1595,2023-02-12 10:50:59,23.70
1596,2023-02-12 10:51:12,4.90
1597,2023-02-12 10:51:25,4.80
1598,2023-02-12 10:51:37,4.80
1599,2023-02-12 10:51:50,4.90
1600,2023-02-12 10:52:03,4.80
1601,2023-02-12 10:52:15,4.80
1602,2023-02-12 10:52:28,4.90
1603,2023-02-12 10:52:41,4.80
1604,2023-02-12 10:52:53,4.70
1605,2023-02-12 10:53:06,5.10
1606,2023-02-12 10:53:18,4.90
1607,2023-02-12 10:53:31,4.70
1608,2023-02-12 10:53:44,4.80
1609,2023-02-12 10:53:56,5.00
1610,2023-02-12 10:54:14,4.70
1611,2023-02-12 10:54:26,4.80
1612,2023-02-12 10:54:39,4.80
1613,2023-02-12 10:54:52,5.10
1614,2023-02-12 10:55:04,4.80
1615,2023-02-12 10:55:17,4.70
1616,2023-02-12 10:55:34,5.00
1617,2023-02-12 10:55:47,4.70
1618,2023-02-12 10:56:00,4.50
1619,2023-02-12 10:56:12,5.10
1620,2023-02-12 10:56:25,4.70
1621,2023-02-12 10:56:38,4.80
1622,2023-02-12 10:56:55,5.00
1623,2023-02-12 10:57:08,4.90
1624,2023-02-12 10:57:20,4.80
1625,2023-02-12 10:57:33,5.00
1626,2023-02-12 10:57:45,4.80
1627,2023-02-12 10:57:58,4.50
1628,2023-02-12 10:58:11,4.80
1629,2023-02-12 10:58:23,4.90
1630,2023-02-12 10:58:36,4.80
1631,2023-02-12 10:58:49,4.80
1632,2023-02-12 10:59:03,4.70
1633,2023-02-12 10:59:16,4.90
1634,2023-02-12 10:59:28,4.90
1635,2023-02-12 10:59:41,4.80
1636,2023-02-12 10:59:54,4.80
1637,2023-02-12 11:00:09,4.60
1638,2023-02-12 11:00:21,5.00
1639,2023-02-12 11:00:39,4.90
1640,2023-02-12 11:00:51,4.80
1641,2023-02-12 11:01:04,4.80
1642,2023-02-12 11:01:17,5.00
1643,2023-02-12 11:01:29,4.70
1644,2023-02-12 11:01:42,4.80
1645,2023-02-12 11:01:54,5.00
1646,2023-02-12 11:02:07,4.80
1647,2023-02-12 11:02:20,4.80
1648,2023-02-12 11:11:14,13.80
1649,2023-02-12 11:11:26,4.40
1650,2023-02-12 11:11:39,4.30
1651,2023-02-12 11:11:52,4.70
1652,2023-02-12 11:12:04,4.40
1653,2023-02-12 11:12:17,4.50
1654,2023-02-12 11:12:29,4.60
1655,2023-02-12 11:12:42,4.70
1656,2023-02-12 11:12:55,4.30
1657,2023-02-12 11:13:07,4.50
1658,2023-02-12 11:13:20,4.50
1659,2023-02-12 11:13:37,4.50
1660,2023-02-12 11:13:49,4.30
1661,2023-02-12 11:14:02,4.70
1662,2023-02-12 11:14:14,4.50
1663,2023-02-12 11:14:27,4.40
1664,2023-02-12 11:14:40,4.40
1665,2023-02-12 11:14:53,4.70
1666,2023-02-12 11:15:05,4.40
1667,2023-02-12 11:15:23,4.50
1668,2023-02-12 11:15:40,4.40
1669,2023-02-12 11:15:53,4.60
1670,2023-02-12 11:16:06,4.50
1671,2023-02-12 11:16:18,4.30
1672,2023-02-12 11:16:31,4.30
1673,2023-02-12 11:16:43,4.10
1674,2023-02-12 11:16:56,4.00
1675,2023-02-12 11:17:09,4.30
1676,2023-02-12 11:17:22,4.40
1677,2023-02-12 11:17:39,4.40
1678,2023-02-12 11:17:52,4.50
1679,2023-02-12 11:18:04,4.50
1680,2023-02-12 11:18:17,4.50
1681,2023-02-12 11:18:29,4.60
1682,2023-02-12 11:18:42,4.40
1683,2023-02-12 11:18:55,4.40
1684,2023-02-12 11:19:07,4.40
1685,2023-02-12 11:19:20,4.60
1686,2023-02-12 11:19:32,4.40
1687,2023-02-12 11:19:45,4.50
1688,2023-02-12 11:19:57,4.40
1689,2023-02-12 11:20:10,4.40
1690,2023-02-12 11:20:23,4.50
1691,2023-02-12 11:20:35,4.70
1692,2023-02-12 11:20:48,4.40
1693,2023-02-12 11:21:01,4.40
1694,2023-02-12 11:21:13,4.60
1695,2023-02-12 11:21:31,4.50
1696,2023-02-12 11:21:43,4.40
1697,2023-02-12 11:21:56,4.60
1698,2023-02-12 11:22:09,4.40
1699,2023-02-12 11:22:21,4.40
1700,2023-02-12 11:22:34,4.70
1701,2023-02-12 11:22:46,4.50
1702,2023-02-12 11:22:59,4.30
1703,2023-02-12 11:23:12,4.30
1704,2023-02-12 11:23:24,4.20
1705,2023-02-12 11:23:37,4.50
1706,2023-02-12 11:23:49,4.80
1707,2023-02-12 11:24:02,3.80
1708,2023-02-12 11:24:14,3.20
1709,2023-02-12 11:24:27,3.00
1710,2023-02-12 11:24:40,4.40
1711,2023-02-12 11:24:52,3.10
1712,2023-02-12 11:25:05,3.20
1713,2023-02-12 11:25:18,3.70
1714,2023-02-12 11:25:30,3.20
1715,2023-02-12 11:25:43,3.60
1716,2023-02-12 11:25:55,3.50
1717,2023-02-12 11:26:08,3.70
1718,2023-02-12 11:26:21,4.10
1719,2023-02-12 11:26:33,4.80
1720,2023-02-12 11:26:46,4.60
1721,2023-02-12 11:26:58,4.50
1722,2023-02-12 11:27:11,4.20
1723,2023-02-12 11:27:24,4.40
1724,2023-02-12 11:27:36,4.20
1725,2023-02-12 11:27:49,4.20
1726,2023-02-12 11:28:01,4.50
1727,2023-02-12 11:28:14,4.50
1728,2023-02-12 11:28:27,4.20
1729,2023-02-12 11:28:39,4.20
1730,2023-02-12 11:28:52,4.60
1731,2023-02-12 11:29:10,4.20
1732,2023-02-12 11:29:24,3.70
1733,2023-02-12 11:29:37,3.70
1734,2023-02-12 11:29:49,5.30
1735,2023-02-12 11:30:02,4.50
1736,2023-02-12 11:30:14,4.70
1737,2023-02-12 11:30:27,4.60
1738,2023-02-12 11:30:40,4.70
1739,2023-02-12 11:30:52,4.60
1740,2023-02-12 11:31:05,4.60
1741,2023-02-12 11:31:17,4.70
1742,2023-02-12 11:31:30,4.60
1743,2023-02-12 11:31:45,4.60
1744,2023-02-12 11:31:58,4.60
1745,2023-02-12 11:32:10,4.50
1746,2023-02-12 11:32:23,4.50
1747,2023-02-12 11:32:35,4.60
1748,2023-02-12 11:32:48,4.70
1749,2023-02-12 11:33:01,4.60
1750,2023-02-12 11:33:14,4.60
1751,2023-02-12 11:33:26,4.80
1752,2023-02-12 11:33:39,4.70
1753,2023-02-12 11:33:52,4.50
1754,2023-02-12 11:34:04,4.30
1755,2023-02-12 11:34:17,4.50
1756,2023-02-12 11:34:30,4.60
1757,2023-02-12 11:34:43,4.80
1758,2023-02-12 11:34:55,4.30
1759,2023-02-12 11:35:08,4.50
1760,2023-02-12 11:35:20,4.50
1761,2023-02-12 11:35:33,4.50
1762,2023-02-12 11:35:45,4.60
1763,2023-02-12 11:35:58,4.40
1764,2023-02-12 11:36:11,4.50
1765,2023-02-12 11:36:23,4.80
1766,2023-02-12 11:36:36,4.40
1767,2023-02-12 11:36:49,4.50
1768,2023-02-12 11:37:01,4.70
1769,2023-02-12 11:37:14,4.70
1770,2023-02-12 11:37:26,4.60
1771,2023-02-12 11:37:39,4.60
1772,2023-02-12 11:37:52,4.60
1773,2023-02-12 11:38:04,4.30
1774,2023-02-12 11:38:17,4.50
1775,2023-02-12 11:38:30,4.30
1776,2023-02-12 11:38:42,4.60
1777,2023-02-12 11:38:56,4.80
1778,2023-02-12 11:39:09,4.50
1779,2023-02-12 11:39:21,4.60
1780,2023-02-12 11:39:34,4.80
1781,2023-02-12 11:39:47,4.70
1782,2023-02-12 11:39:59,4.40
1783,2023-02-12 11:40:12,4.60
1784,2023-02-12 11:40:26,4.70
1785,2023-02-12 11:40:38,4.60
1786,2023-02-12 11:40:56,4.60
1787,2023-02-12 11:41:09,4.40
1788,2023-02-12 11:41:21,4.80
1789,2023-02-12 11:41:34,4.60
1790,2023-02-12 11:41:47,4.60
1791,2023-02-12 11:42:04,4.40
1792,2023-02-12 11:42:22,4.60
1793,2023-02-12 11:42:34,4.40
1794,2023-02-12 11:42:47,4.50
1795,2023-02-12 11:43:05,4.40
1796,2023-02-12 11:43:17,4.70
1797,2023-02-12 11:43:30,4.70
1798,2023-02-12 11:43:43,4.50
1799,2023-02-12 11:44:00,4.50
1800,2023-02-12 11:44:13,4.50
1801,2023-02-12 11:44:30,4.50
1802,2023-02-12 11:44:43,4.70
1803,2023-02-12 11:44:56,4.70
1804,2023-02-12 11:45:08,4.80
1805,2023-02-12 11:45:21,4.40
1806,2023-02-12 11:45:34,4.40
1807,2023-02-12 11:45:51,4.60
1808,2023-02-12 11:46:09,4.50
1809,2023-02-12 11:46:21,4.70
1810,2023-02-12 11:46:34,4.70
1811,2023-02-12 11:46:46,4.60
1812,2023-02-12 11:46:59,4.50
1813,2023-02-12 11:47:12,4.60
1814,2023-02-12 11:47:24,4.70
1815,2023-02-12 11:47:37,4.80
1816,2023-02-12 11:47:54,4.60
1817,2023-02-12 11:48:07,4.70
1818,2023-02-12 11:48:25,4.90
1819,2023-02-12 11:48:38,4.70
1820,2023-02-12 11:48:51,4.60
1821,2023-02-12 11:49:04,4.60
1822,2023-02-12 11:49:21,4.90
1823,2023-02-12 11:49:34,4.50
1824,2023-02-12 11:49:51,4.80
1825,2023-02-12 11:50:04,4.50
1826,2023-02-12 11:50:17,4.60
1827,2023-02-12 11:50:29,4.50
1828,2023-02-12 11:50:42,4.70
1829,2023-02-12 11:50:55,4.80
1830,2023-02-12 11:51:07,4.60
1831,2023-02-12 11:51:20,4.50
1832,2023-02-12 11:51:38,4.60
1833,2023-02-12 11:51:55,4.50
1834,2023-02-12 11:52:08,4.60
1835,2023-02-12 11:52:20,4.50
1836,2023-02-12 11:52:33,4.60
1837,2023-02-12 11:52:46,4.90
1838,2023-02-12 11:53:03,4.80
1839,2023-02-12 11:53:16,4.80
1840,2023-02-12 11:53:28,4.60
1841,2023-02-12 11:53:41,4.60
1842,2023-02-12 11:53:54,4.50
1843,2023-02-12 11:54:11,4.60
1844,2023-02-12 11:54:29,4.50
1845,2023-02-12 11:54:47,4.40
1846,2023-02-12 11:55:04,4.60
1847,2023-02-12 11:55:17,4.80
1848,2023-02-12 11:55:29,4.60
1849,2023-02-12 11:55:42,4.50
1850,2023-02-12 11:56:00,4.50
1851,2023-02-12 11:56:18,4.30
1852,2023-02-12 11:56:30,4.60
1853,2023-02-12 11:56:48,4.70
1854,2023-02-12 11:57:06,4.50
1855,2023-02-12 11:57:23,4.30
1856,2023-02-12 11:57:41,4.60
1857,2023-02-12 11:57:58,4.70
1858,2023-02-12 11:58:16,4.70
1859,2023-02-12 11:58:29,4.60
1860,2023-02-12 11:58:41,4.40
1861,2023-02-12 11:58:54,4.40
1862,2023-02-12 11:59:09,4.80
1863,2023-02-12 11:59:21,4.60
1864,2023-02-12 11:59:34,4.60
1865,2023-02-12 11:59:46,4.50
1866,2023-02-12 11:59:59,4.60
1867,2023-02-12 12:00:12,4.50
1868,2023-02-12 12:00:24,4.50
1869,2023-02-12 12:00:42,4.60
1870,2023-02-12 12:00:55,4.80
1871,2023-02-12 12:01:11,4.50
1872,2023-02-12 12:01:24,4.70
1873,2023-02-12 12:01:37,4.80
1874,2023-02-12 12:01:49,4.80
1875,2023-02-12 12:02:02,4.90
1876,2023-02-12 12:02:14,4.60
1877,2023-02-12 12:02:27,4.50
1878,2023-02-12 12:02:45,4.60
1879,2023-02-12 12:02:58,4.60
1880,2023-02-12 12:03:10,4.60
1881,2023-02-12 12:03:23,4.60
1882,2023-02-12 12:03:36,4.60
1883,2023-02-12 12:03:49,4.80
1884,2023-02-12 12:04:01,4.70
1885,2023-02-12 12:04:14,4.70
1886,2023-02-12 12:04:26,4.50
1887,2023-02-12 12:04:39,4.80
1888,2023-02-12 12:04:52,4.80
1889,2023-02-12 12:05:04,4.60
1890,2023-02-12 12:05:17,4.60
1891,2023-02-12 12:05:30,4.60
1892,2023-02-12 12:05:44,4.60
1893,2023-02-12 12:05:57,4.50
1894,2023-02-12 12:06:10,4.70
1895,2023-02-12 12:06:22,4.70
1896,2023-02-12 12:06:40,4.50
1897,2023-02-12 12:06:52,4.60
1898,2023-02-12 12:07:05,4.50
1899,2023-02-12 12:07:18,4.70
1900,2023-02-12 12:07:35,4.70
1901,2023-02-12 12:07:48,4.50
1902,2023-02-12 12:08:01,4.70
1903,2023-02-12 12:08:13,4.50
1904,2023-02-12 12:08:26,4.60
1905,2023-02-12 12:08:38,4.60
1906,2023-02-12 12:08:51,4.70
1907,2023-02-12 12:09:04,4.70
1908,2023-02-12 12:09:16,4.70
1909,2023-02-12 12:09:29,4.90
1910,2023-02-12 12:09:42,4.80
1911,2023-02-12 12:09:54,4.70
1912,2023-02-12 12:10:07,4.70
1913,2023-02-12 12:10:25,4.50
1914,2023-02-12 12:10:37,4.60
1915,2023-02-12 12:10:55,4.80
1916,2023-02-12 12:11:07,4.70
1917,2023-02-12 12:11:20,4.70
1918,2023-02-12 12:11:32,4.70
1919,2023-02-12 12:11:45,5.10
1920,2023-02-12 12:11:58,4.70
1921,2023-02-12 12:12:10,4.70
1922,2023-02-12 12:12:23,4.90
1923,2023-02-12 12:12:41,24.00
1924,2023-02-12 12:12:53,4.70
1925,2023-02-12 12:13:09,4.70
1926,2023-02-12 12:13:22,4.60
1927,2023-02-12 12:13:34,4.70
1928,2023-02-12 12:13:47,4.60
1929,2023-02-12 12:14:05,4.90
1930,2023-02-12 12:14:17,4.60
1931,2023-02-12 12:14:30,4.70
1932,2023-02-12 12:14:42,4.70
1933,2023-02-12 12:14:55,5.00
1934,2023-02-12 12:15:08,4.70
1935,2023-02-12 12:15:20,4.70
1936,2023-02-12 12:15:36,4.70
1937,2023-02-12 12:15:49,4.70
1938,2023-02-12 12:16:02,23.90
1939,2023-02-12 12:16:15,4.30
1940,2023-02-12 12:16:28,5.00
1941,2023-02-12 12:16:40,4.50
1942,2023-02-12 12:16:53,4.70
1943,2023-02-12 12:17:06,4.70
1944,2023-02-12 12:17:18,5.00
1945,2023-02-12 12:17:31,4.60
1946,2023-02-12 12:17:43,4.70
1947,2023-02-12 12:17:56,5.00
1948,2023-02-12 12:18:09,4.70
1949,2023-02-12 12:18:21,4.70
1950,2023-02-12 12:18:34,4.70
1951,2023-02-12 12:18:46,4.50
1952,2023-02-12 12:59:15,2.10
1953,2023-02-12 12:59:28,2.40
1954,2023-02-12 12:59:41,2.60
1955,2023-02-12 12:59:50,114.70
1956,2023-02-12 13:00:02,2.90
1957,2023-02-12 13:00:15,3.90
1958,2023-02-12 13:00:28,66.40
1959,2023-02-12 13:00:40,4.10
1960,2023-02-12 13:00:53,66.70
1961,2023-02-12 13:01:05,66.40
1962,2023-02-12 13:01:18,3.80
1963,2023-02-12 13:01:36,4.00
1964,2023-02-12 13:01:48,3.80
1965,2023-02-12 13:02:01,3.20
1966,2023-02-12 13:02:13,9.30
1967,2023-02-12 13:02:26,19.10
1968,2023-02-12 13:02:39,19.60
1969,2023-02-12 13:02:51,19.70
1970,2023-02-12 13:03:04,19.20
1971,2023-02-12 13:03:16,18.80
1972,2023-02-12 13:03:29,3.30
1973,2023-02-12 13:03:42,3.80
1974,2023-02-12 13:03:54,3.80
1975,2023-02-12 13:04:07,4.20
1976,2023-02-12 13:04:23,3.90
1977,2023-02-12 13:04:35,3.40
1978,2023-02-12 13:04:48,3.30
1979,2023-02-12 13:05:01,3.30
1980,2023-02-12 13:05:13,3.30
1981,2023-02-12 13:05:26,3.70
1982,2023-02-12 13:05:39,3.50
1983,2023-02-12 13:05:51,3.60
1984,2023-02-12 13:06:04,3.30
1985,2023-02-12 13:06:16,3.20
1986,2023-02-12 13:06:29,4.10
1987,2023-02-12 13:06:42,3.70
1988,2023-02-12 13:06:54,3.70
1989,2023-02-12 13:07:07,12.90
1990,2023-02-12 13:07:19,19.80
1991,2023-02-12 13:07:32,19.70
1992,2023-02-12 13:07:45,3.60
1993,2023-02-12 13:07:57,3.20
1994,2023-02-12 13:08:10,3.20
1995,2023-02-12 13:08:22,3.60
1996,2023-02-12 13:08:35,3.40
1997,2023-02-12 13:08:48,3.20
1998,2023-02-12 13:09:00,3.50
1999,2023-02-12 13:09:13,3.20
2000,2023-02-12 13:09:25,2.90
2001,2023-02-12 13:09:38,3.60
2002,2023-02-12 13:09:51,3.30
2003,2023-02-12 13:10:03,3.20
2004,2023-02-12 13:10:16,3.40
2005,2023-02-12 13:10:28,3.20
2006,2023-02-12 13:10:41,3.20
2007,2023-02-12 13:10:54,3.60
2008,2023-02-12 13:11:06,3.40
2009,2023-02-12 13:11:19,3.30
2010,2023-02-12 13:11:31,3.40
2011,2023-02-12 13:11:44,3.20
2012,2023-02-12 13:11:56,3.20
2013,2023-02-12 13:12:09,3.60
2014,2023-02-12 13:12:22,3.10
2015,2023-02-12 13:12:34,3.20
2016,2023-02-12 13:12:47,3.40
2017,2023-02-12 13:12:59,3.20
2018,2023-02-12 13:13:21,3.20
2019,2023-02-12 13:13:34,3.20
2020,2023-02-12 13:13:47,3.50
2021,2023-02-12 13:13:59,3.20
2022,2023-02-12 13:14:12,3.20
2023,2023-02-12 13:14:25,3.50
2024,2023-02-12 13:14:37,3.20
2025,2023-02-12 13:14:50,3.20
2026,2023-02-12 13:15:02,3.50
2027,2023-02-12 13:15:15,3.20
2028,2023-02-12 13:15:27,3.20
2029,2023-02-12 13:15:40,3.50
2030,2023-02-12 13:15:53,3.20
2031,2023-02-12 13:16:05,3.20
2032,2023-02-12 13:16:18,3.50
2033,2023-02-12 13:16:30,3.20
2034,2023-02-12 13:16:43,3.30
2035,2023-02-12 13:16:56,3.30
2036,2023-02-12 13:17:08,3.20
2037,2023-02-12 13:17:21,3.30
2038,2023-02-12 13:17:33,3.40
2039,2023-02-12 13:17:46,3.30
2040,2023-02-12 13:17:59,3.40
2041,2023-02-12 13:18:11,3.20
2042,2023-02-12 13:18:24,3.20
2043,2023-02-12 13:18:36,3.20
2044,2023-02-12 13:18:49,3.30
2045,2023-02-12 13:19:02,3.20
2046,2023-02-12 13:19:14,3.40
2047,2023-02-12 13:19:27,3.30
2048,2023-02-12 13:19:39,3.20
2049,2023-02-12 13:19:52,3.20
2050,2023-02-12 13:20:05,3.60
2051,2023-02-12 13:20:17,3.20
2052,2023-02-12 13:20:30,3.30
2053,2023-02-12 13:20:42,3.30
2054,2023-02-12 13:20:55,3.20
2055,2023-02-12 13:21:07,3.20
2056,2023-02-12 13:21:20,3.60
2057,2023-02-12 13:21:33,3.30
2058,2023-02-12 13:21:45,3.30
2059,2023-02-12 13:21:58,3.30
2060,2023-02-12 13:22:10,3.20
2061,2023-02-12 13:22:23,3.20
2062,2023-02-12 13:22:36,3.60
2063,2023-02-12 13:22:48,3.20
2064,2023-02-12 13:23:06,3.20
2065,2023-02-12 13:23:19,3.50
2066,2023-02-12 13:23:32,3.30
2067,2023-02-12 13:23:44,3.40
2068,2023-02-12 13:23:57,3.70
2069,2023-02-12 13:24:09,3.30
2070,2023-02-12 13:24:22,3.30
2071,2023-02-12 13:24:35,3.50
2072,2023-02-12 13:24:54,3.20
2073,2023-02-12 13:25:07,3.60
2074,2023-02-12 13:25:20,3.20
2075,2023-02-12 13:25:32,3.20
2076,2023-02-12 13:25:45,3.40
2077,2023-02-12 13:25:57,3.30
2078,2023-02-12 13:26:10,3.50
2079,2023-02-12 13:26:23,3.50
2080,2023-02-12 13:26:35,3.30
2081,2023-02-12 13:26:48,3.20
2082,2023-02-12 13:27:00,3.30
2083,2023-02-12 13:27:13,3.20
2084,2023-02-12 13:27:26,3.60
2085,2023-02-12 13:27:38,3.60
2086,2023-02-12 13:27:51,3.20
2087,2023-02-12 13:28:03,3.30
2088,2023-02-12 13:28:16,3.30
2089,2023-02-12 13:28:36,3.30
2090,2023-02-12 13:28:48,3.20
2091,2023-02-12 13:29:01,3.20
2092,2023-02-12 13:29:14,3.40
2093,2023-02-12 13:29:26,3.20
2094,2023-02-12 13:29:39,3.20
2095,2023-02-12 13:29:51,3.30
2096,2023-02-12 13:30:04,3.30
2097,2023-02-12 13:30:17,3.20
2098,2023-02-12 13:30:29,3.50
2099,2023-02-12 13:30:42,3.20
2100,2023-02-12 13:30:54,3.20
2101,2023-02-12 13:31:07,3.50
2102,2023-02-12 13:31:19,3.30
2103,2023-02-12 13:31:32,3.20
2104,2023-02-12 13:31:45,3.60
2105,2023-02-12 13:31:57,3.30
2106,2023-02-12 13:32:10,3.20
2107,2023-02-12 13:32:22,3.50
2108,2023-02-12 13:32:35,3.30
2109,2023-02-12 13:32:48,3.30
2110,2023-02-12 13:33:00,3.50
2111,2023-02-12 13:33:13,3.20
2112,2023-02-12 13:33:25,3.20
2113,2023-02-12 13:33:38,3.30
2114,2023-02-12 13:33:51,3.20
2115,2023-02-12 13:34:03,3.20
2116,2023-02-12 13:34:16,3.60
2117,2023-02-12 13:34:36,3.30
2118,2023-02-12 13:34:48,3.40
2119,2023-02-12 13:35:01,3.20
2120,2023-02-12 13:35:13,3.20
2121,2023-02-12 13:35:26,3.60
2122,2023-02-12 13:35:39,3.20
2123,2023-02-12 13:35:51,3.30
2124,2023-02-12 13:36:04,3.30
2125,2023-02-12 13:36:16,3.20
2126,2023-02-12 13:36:29,3.30
2127,2023-02-12 13:36:42,3.60
2128,2023-02-12 13:36:54,3.20
2129,2023-02-12 13:37:07,3.20
2130,2023-02-12 13:37:19,3.30
2131,2023-02-12 13:37:32,3.20
2132,2023-02-12 13:37:45,3.20
2133,2023-02-12 13:37:57,3.50
2134,2023-02-12 13:38:10,3.20
2135,2023-02-12 13:38:22,3.30
2136,2023-02-12 13:38:35,3.50
2137,2023-02-12 13:38:48,3.20
2138,2023-02-12 13:39:00,3.20
2139,2023-02-12 13:39:13,3.40
2140,2023-02-12 13:39:25,3.20
2141,2023-02-12 13:39:38,3.40
2142,2023-02-12 13:39:51,3.20
2143,2023-02-12 13:40:03,3.20
2144,2023-02-12 13:40:16,3.30
2145,2023-02-12 13:40:29,3.30
2146,2023-02-12 13:40:41,3.20
2147,2023-02-12 13:40:54,3.50
2148,2023-02-12 13:41:06,3.20
2149,2023-02-12 13:41:19,3.20
2150,2023-02-12 13:41:31,3.30
2151,2023-02-12 13:41:44,3.20
2152,2023-02-12 13:41:57,3.20
2153,2023-02-12 13:42:09,3.60
2154,2023-02-12 13:42:22,3.20
2155,2023-02-12 13:42:34,3.30
2156,2023-02-12 13:42:47,3.30
2157,2023-02-12 13:43:00,3.20
2158,2023-02-12 13:43:12,3.20
2159,2023-02-12 13:43:25,3.50
2160,2023-02-12 13:43:37,3.30
2161,2023-02-12 13:43:50,3.30
2162,2023-02-12 13:44:02,3.30
2163,2023-02-12 13:44:15,3.20
2164,2023-02-12 13:44:28,3.30
2165,2023-02-12 13:44:40,3.70
2166,2023-02-12 13:44:53,3.20
2167,2023-02-12 13:45:05,3.30
2168,2023-02-12 13:45:18,3.40
2169,2023-02-12 13:45:31,3.20
2170,2023-02-12 13:45:43,3.20
2171,2023-02-12 13:45:56,3.50
2172,2023-02-12 13:46:08,3.20
2173,2023-02-12 13:46:21,3.20
2174,2023-02-12 13:46:34,3.50
2175,2023-02-12 13:46:46,3.30
2176,2023-02-12 13:46:59,3.30
2177,2023-02-12 13:47:11,3.50
2178,2023-02-12 13:47:24,3.20
2179,2023-02-12 13:47:36,3.20
2180,2023-02-12 13:47:49,3.60
2181,2023-02-12 13:48:02,3.20
2182,2023-02-12 13:48:14,3.30
2183,2023-02-12 13:48:27,3.30
2184,2023-02-12 13:48:39,3.20
2185,2023-02-12 13:48:52,3.20
2186,2023-02-12 13:49:05,3.50
2187,2023-02-12 13:49:17,3.20
2188,2023-02-12 13:49:30,3.20
2189,2023-02-12 13:49:42,3.40
2190,2023-02-12 13:49:55,3.30
2191,2023-02-12 13:50:08,3.30
2192,2023-02-12 13:50:20,3.50
2193,2023-02-12 13:50:33,3.20
2194,2023-02-12 13:50:45,3.20
2195,2023-02-12 13:50:58,3.50
2196,2023-02-12 13:51:10,3.20
2197,2023-02-12 13:51:23,3.20
2198,2023-02-12 13:51:36,3.50
2199,2023-02-12 13:51:48,3.30
2200,2023-02-12 13:52:01,3.30
2201,2023-02-12 13:52:13,3.50
2202,2023-02-12 13:52:26,3.30
2203,2023-02-12 13:52:39,3.30
2204,2023-02-12 13:52:51,3.30
2205,2023-02-12 13:53:04,3.10
2206,2023-02-12 13:53:17,3.20
2207,2023-02-12 13:53:29,3.40
2208,2023-02-12 13:53:42,3.30
2209,2023-02-12 13:53:54,3.30
2210,2023-02-12 13:54:07,3.20
2211,2023-02-12 13:54:19,3.30
2212,2023-02-12 13:54:32,3.20
2213,2023-02-12 13:54:45,3.30
2214,2023-02-12 13:54:57,3.20
2215,2023-02-12 13:55:10,3.40
2216,2023-02-12 13:55:22,3.20
2217,2023-02-12 13:55:35,3.30
2218,2023-02-12 13:55:48,3.20
2219,2023-02-12 13:56:00,3.50
2220,2023-02-12 13:56:13,3.20
2221,2023-02-12 13:56:25,3.30
2222,2023-02-12 13:56:38,3.20
2223,2023-02-12 13:56:51,3.20
2224,2023-02-12 13:57:03,3.30
2225,2023-02-12 13:57:16,3.40
2226,2023-02-12 13:57:28,3.30
2227,2023-02-12 13:57:41,3.40
2228,2023-02-12 13:57:54,3.30
2229,2023-02-12 13:58:06,3.20
2230,2023-02-12 13:58:19,3.20
2231,2023-02-12 13:58:31,3.30
2232,2023-02-12 13:58:44,3.20
2233,2023-02-12 13:58:56,3.40
2234,2023-02-12 13:59:09,3.20
2235,2023-02-12 13:59:22,3.20
2236,2023-02-12 13:59:34,3.20
2237,2023-02-12 13:59:47,3.40
2238,2023-02-12 13:59:59,3.20
2239,2023-02-12 14:00:12,3.30
2240,2023-02-12 14:00:25,3.20
2241,2023-02-12 14:00:37,3.20
2242,2023-02-12 14:00:50,3.20
2243,2023-02-12 14:01:02,3.50
2244,2023-02-12 14:41:09,98.30
2245,2023-02-12 14:41:22,3.80
2246,2023-02-12 14:41:34,3.80
2247,2023-02-12 14:41:47,3.80
2248,2023-02-12 14:41:59,3.80
2249,2023-02-12 14:42:12,3.80
2250,2023-02-12 14:42:24,4.10
2251,2023-02-12 14:42:37,3.90
2252,2023-02-12 14:42:50,3.80
2253,2023-02-12 14:43:02,4.00
2254,2023-02-12 14:43:15,3.80
2255,2023-02-12 14:43:27,3.80
2256,2023-02-12 14:43:40,3.90
2257,2023-02-12 14:43:53,3.60
2258,2023-02-12 14:44:05,3.70
2259,2023-02-12 14:44:18,4.00
2260,2023-02-12 14:44:30,3.80
2261,2023-02-12 14:44:43,3.90
2262,2023-02-12 14:44:55,3.70
2263,2023-02-12 14:45:08,3.80
2264,2023-02-12 14:45:21,3.90
2265,2023-02-12 14:45:33,3.80
2266,2023-02-12 14:45:46,3.80
2267,2023-02-12 14:45:58,4.10
2268,2023-02-12 14:46:11,3.90
2269,2023-02-12 14:46:24,3.90
2270,2023-02-12 14:46:36,4.10
2271,2023-02-12 14:46:49,3.80
2272,2023-02-12 14:47:01,3.80
2273,2023-02-12 14:47:14,3.80
2274,2023-02-12 14:47:27,3.80
2275,2023-02-12 14:47:39,3.80
2276,2023-02-12 14:47:52,3.80
2277,2023-02-12 14:48:04,3.80
2278,2023-02-12 14:48:17,4.10
2279,2023-02-12 14:48:29,3.80
2280,2023-02-12 14:48:42,3.80
2281,2023-02-12 14:48:55,4.10
2282,2023-02-12 14:49:07,3.80
2283,2023-02-12 14:49:20,3.80
2284,2023-02-12 14:49:32,4.00
2285,2023-02-12 14:49:45,3.80
2286,2023-02-12 14:49:58,3.90
2287,2023-02-12 14:50:10,4.00
2288,2023-02-12 14:50:23,3.80
2289,2023-02-12 14:50:35,3.80
2290,2023-02-12 14:50:48,3.80
2291,2023-02-12 14:51:00,3.90
2292,2023-02-12 14:51:13,4.10
2293,2023-02-12 14:51:26,3.90
2294,2023-02-12 14:51:38,4.00
2295,2023-02-12 14:51:51,4.20
2296,2023-02-12 14:52:03,3.90
2297,2023-02-12 14:52:16,3.80
2298,2023-02-12 14:52:29,3.90
2299,2023-02-12 14:52:41,3.80
2300,2023-02-12 14:52:54,3.80
2301,2023-02-12 14:53:06,3.90
2302,2023-02-12 14:53:19,3.90
2303,2023-02-12 14:53:32,4.20
2304,2023-02-12 14:53:44,3.80
2305,2023-02-12 14:53:57,3.90
2306,2023-02-12 14:54:09,3.80
2307,2023-02-12 14:54:22,3.90
2308,2023-02-12 14:54:35,3.90
2309,2023-02-12 14:54:47,4.20
2310,2023-02-12 14:55:00,3.90
2311,2023-02-12 14:55:12,3.90
2312,2023-02-12 14:55:25,4.20
2313,2023-02-12 14:55:37,3.80
2314,2023-02-12 14:55:50,3.90
2315,2023-02-12 14:56:03,4.10
2316,2023-02-12 14:56:15,3.90
2317,2023-02-12 14:56:28,3.90
2318,2023-02-12 14:56:40,4.10
2319,2023-02-12 14:56:53,3.80
2320,2023-02-12 14:57:06,3.90
2321,2023-02-12 14:57:18,3.90
2322,2023-02-12 14:57:31,3.90
2323,2023-02-12 14:57:43,3.80
2324,2023-02-12 14:57:56,4.00
2325,2023-02-12 14:58:09,3.90
2326,2023-02-12 14:58:21,4.10
2327,2023-02-12 14:58:34,3.80
2328,2023-02-12 14:58:47,3.70
2329,2023-02-12 14:58:59,4.10
2330,2023-02-12 14:59:12,3.90
2331,2023-02-12 14:59:24,3.80
2332,2023-02-12 14:59:37,4.10
2333,2023-02-12 14:59:50,3.80
2334,2023-02-12 15:00:02,3.90
2335,2023-02-12 15:00:15,4.10
2336,2023-02-12 15:00:27,3.80
2337,2023-02-12 15:00:40,3.80
2338,2023-02-12 15:00:53,3.90
2339,2023-02-12 15:01:05,3.80
2340,2023-02-12 15:01:18,3.90
2341,2023-02-12 15:01:30,4.10
2342,2023-02-12 15:01:43,3.90
2343,2023-02-12 15:01:56,3.80
2344,2023-02-12 15:02:08,3.90
2345,2023-02-12 15:02:26,4.10
2346,2023-02-12 15:02:38,3.90
2347,2023-02-12 15:02:51,3.90
2348,2023-02-12 15:03:04,4.00
2349,2023-02-12 15:03:16,3.80
2350,2023-02-12 15:03:29,3.90
2351,2023-02-12 15:03:42,4.20
2352,2023-02-12 15:03:54,3.90
2353,2023-02-12 15:04:07,3.80
2354,2023-02-12 15:04:19,4.10
2355,2023-02-12 15:04:37,4.00
2356,2023-02-12 15:04:50,3.90
2357,2023-02-12 15:05:02,4.00
2358,2023-02-12 15:05:15,3.90
2359,2023-02-12 15:05:27,3.90
2360,2023-02-12 15:05:45,4.00
2361,2023-02-12 15:05:58,4.20
2362,2023-02-12 15:06:10,3.80
2363,2023-02-12 15:06:23,3.90
2364,2023-02-12 15:06:35,4.10
2365,2023-02-12 15:06:48,3.90
2366,2023-02-12 15:07:01,4.00
2367,2023-02-12 15:07:13,66.20
2368,2023-02-12 15:07:26,66.00
2369,2023-02-12 15:07:38,66.10
2370,2023-02-12 15:07:51,3.50
2371,2023-02-12 15:08:04,3.30
2372,2023-02-12 15:08:16,3.20
2373,2023-02-12 15:08:34,3.60
2374,2023-02-12 15:08:47,3.50
2375,2023-02-12 15:08:59,3.20
2376,2023-02-21 13:05:32,nan
2377,2023-02-21 13:05:54,nan
2378,2023-02-21 13:06:20,nan
2379,2023-02-21 13:06:47,nan
2380,2023-02-21 13:07:13,nan
2381,2023-02-21 13:07:39,nan
2382,2023-02-21 13:08:06,nan
2383,2023-02-21 13:08:32,nan
2384,2023-02-21 13:08:53,nan
2385,2023-02-21 13:09:15,nan
2386,2023-02-21 13:09:41,nan
2387,2023-02-21 13:10:03,nan
2388,2023-02-21 13:10:24,nan
2389,2023-02-21 13:10:45,nan
2390,2023-02-21 13:11:07,nan
2391,2023-02-21 13:11:28,nan
2392,2023-02-21 13:11:49,nan
2393,2023-02-21 13:12:11,nan
2394,2023-02-21 13:12:32,nan
2395,2023-02-21 13:12:54,nan
2396,2023-02-21 13:13:15,nan
2397,2023-02-21 13:13:36,nan
2398,2023-02-21 13:13:58,nan
2399,2023-02-21 13:14:19,nan
2400,2023-02-21 13:14:41,nan
2401,2023-02-21 13:15:02,nan
2402,2023-02-21 13:15:23,nan
2403,2023-02-21 13:15:45,nan
2404,2023-02-21 13:16:06,nan
2405,2023-02-21 13:16:27,nan
2406,2023-02-21 13:16:49,nan
2407,2023-02-21 13:17:10,nan
2408,2023-02-21 16:26:37,nan
2409,2023-02-21 16:27:04,nan
2410,2023-02-21 16:27:27,nan
2411,2023-02-21 16:27:56,nan
2412,2023-02-21 16:28:23,nan
2413,2023-02-21 16:28:46,nan
2414,2023-02-21 16:29:09,nan
2415,2023-02-21 16:29:37,nan
2416,2023-02-21 16:30:00,nan
2417,2023-02-21 16:30:23,nan
2418,2023-02-21 16:30:45,nan
2419,2023-02-21 16:31:08,nan
2420,2023-02-21 16:31:36,nan
2421,2023-02-21 16:31:59,nan
2422,2023-02-21 16:32:22,nan
2423,2023-02-21 16:33:21,nan
2424,2023-02-21 16:33:44,nan
2425,2023-02-21 16:34:07,nan
2426,2023-02-21 16:34:30,nan
2427,2023-02-21 16:34:58,nan
2428,2023-02-21 16:35:21,nan
2429,2023-02-21 16:35:44,nan
2430,2023-02-21 16:36:07,nan
2431,2023-02-21 16:37:09,nan
2432,2023-02-21 16:37:32,nan
2433,2023-02-21 16:37:55,nan
2434,2023-02-21 16:38:18,nan
2435,2023-02-21 16:38:41,nan
2436,2023-02-21 16:39:04,nan
2437,2023-02-21 16:39:27,nan
2438,2023-02-21 16:39:49,nan
2439,2023-02-21 16:40:12,nan
2440,2023-02-21 16:40:35,nan
2441,2023-02-21 16:40:58,nan
2442,2023-02-21 16:41:21,nan
2443,2023-02-21 16:41:44,nan
2444,2023-02-21 16:42:07,nan
2445,2023-02-21 16:42:35,nan
2446,2023-02-21 16:42:58,nan
2447,2023-02-21 16:43:43,nan
2448,2023-02-21 16:44:06,nan
2449,2023-02-21 16:44:28,nan
2450,2023-02-21 16:44:51,nan
2451,2023-02-21 16:45:14,nan
2452,2023-02-21 16:45:37,nan
2453,2023-02-21 16:46:00,nan
2454,2023-02-21 16:46:23,nan
2455,2023-02-21 16:47:18,nan
2456,2023-02-21 16:48:26,nan
2457,2023-02-21 17:15:14,nan
2458,2023-02-21 17:16:31,nan
2459,2023-02-21 17:16:53,nan
2460,2023-02-21 17:17:21,nan
2461,2023-02-21 17:17:49,nan
2462,2023-02-21 17:18:12,nan
2463,2023-02-21 17:19:19,nan
2464,2023-02-21 17:19:37,nan
2465,2023-02-21 17:20:00,nan
2466,2023-02-21 17:20:24,nan
2467,2023-02-21 17:20:42,nan
2468,2023-02-21 17:21:00,nan
2469,2023-02-21 17:21:18,nan
2470,2023-02-21 17:21:36,nan
2471,2023-02-21 17:22:27,nan
2472,2023-02-21 17:22:50,nan
2473,2023-02-21 17:23:18,nan
2474,2023-02-21 17:23:41,nan
2475,2023-02-21 17:24:04,nan
2476,2023-02-21 17:24:26,nan
2477,2023-02-21 18:39:12,nan
2478,2023-02-21 18:39:35,nan
2479,2023-02-21 18:39:58,nan
2480,2023-02-21 18:40:21,nan
2481,2023-02-21 18:40:44,nan
2482,2023-02-21 18:41:06,nan
2483,2023-02-21 18:41:29,nan
2484,2023-02-21 18:41:52,nan
2485,2023-02-21 18:42:15,nan
2486,2023-02-21 18:42:38,nan
2487,2023-02-21 18:43:01,nan
2488,2023-02-21 18:43:24,nan
2489,2023-02-21 18:43:47,nan
2490,2023-02-21 18:44:10,nan
2491,2023-02-21 18:44:32,nan
2492,2023-02-21 18:44:55,nan
2493,2023-02-21 18:45:18,nan
2494,2023-02-21 18:45:41,nan
2495,2023-02-21 18:46:04,nan
